
06-17 14:25:47.138  2601  4914 D WindowManager: Collecting in transition 14297: ActivityRecord{aad8023 u0 
com.tarumi.reader.debug/org.koitharu.kotatsu.main.ui.MainActivity init visibleRequested:false
06-17 14:25:47.154  2601  4914 D MiuiEmbeddingWindow: isOpaqueActivity: ActivityRecord{7ce4aec u0 
com.tarumi.reader.debug/org.acra.dialog.CrashReportDialog t2036} is not embeddedfalse false
06-17 14:25:47.154  2601  4914 D MiuiEmbeddingWindow: isOpaqueActivity: ActivityRecord{7ce4aec u0 
com.tarumi.reader.debug/org.acra.dialog.CrashReportDialog t2036} is not embeddedfalse false
06-17 14:25:47.154  2601  4914 D MiuiEmbeddingWindow: isOpaqueActivity: ActivityRecord{7ce4aec u0 
com.tarumi.reader.debug/org.acra.dialog.CrashReportDialog t2036} is not embeddedfalse false
06-17 14:25:47.155  2601  4914 D MiuiEmbeddingWindow: isOpaqueActivity: ActivityRecord{7ce4aec u0 
com.tarumi.reader.debug/org.acra.dialog.CrashReportDialog t2036} is not embeddedfalse false
06-17 14:25:47.155  2601  4914 D MiuiEmbeddingWindow: isOpaqueActivity: ActivityRecord{7ce4aec u0 
com.tarumi.reader.debug/org.acra.dialog.CrashReportDialog t2036} is not embeddedfalse false
06-17 14:25:47.155  2601  4914 D MiuiEmbeddingWindow: isOpaqueActivity: ActivityRecord{7ce4aec u0 
com.tarumi.reader.debug/org.acra.dialog.CrashReportDialog t2036} is not embeddedfalse false
06-17 14:25:47.156  2601  4914 D MiuiEmbeddingWindow: isOpaqueActivity: ActivityRecord{7ce4aec u0 
com.tarumi.reader.debug/org.acra.dialog.CrashReportDialog t2036} is not embeddedfalse false
06-17 14:25:47.156  2601  4914 D MiuiEmbeddingWindow: isOpaqueActivity: ActivityRecord{7ce4aec u0 
com.tarumi.reader.debug/org.acra.dialog.CrashReportDialog t2036} is not embeddedfalse false
06-17 14:25:47.156  2601  4914 D MiuiEmbeddingWindow: isOpaqueActivity: ActivityRecord{7ce4aec u0 
com.tarumi.reader.debug/org.acra.dialog.CrashReportDialog t2036} is not embeddedfalse false
06-17 14:25:47.156  2601  4914 D MiuiEmbeddingWindow: isOpaqueActivity: ActivityRecord{7ce4aec u0 
com.tarumi.reader.debug/org.acra.dialog.CrashReportDialog t2036} is not embeddedfalse false
06-17 14:25:47.156  2601  4914 D MiuiEmbeddingWindow: isOpaqueActivity: ActivityRecord{7ce4aec u0 
com.tarumi.reader.debug/org.acra.dialog.CrashReportDialog t2036} is not embeddedfalse false
06-17 14:25:47.156  2601  4914 D MiuiEmbeddingWindow: isOpaqueActivity: ActivityRecord{7ce4aec u0 
com.tarumi.reader.debug/org.acra.dialog.CrashReportDialog t2036} is not embeddedfalse false
06-17 14:25:47.163  2601  4914 D WindowManager: setLockTaskAuth: task=Task{40b2d9 #2037 type=standard 
A=11058:com.tarumi.reader.debug} mLockTaskAuth=LOCK_TASK_AUTH_PINNABLE
06-17 14:25:47.164  2601  4914 D WindowManager: Collecting in transition 14297: Task{40b2d9 #2037 type=standard 
A=11058:com.tarumi.reader.debug} init visibleRequested:false
06-17 14:25:47.171  2601  4914 D WindowManager: setLockTaskAuth: task=Task{40b2d9 #2037 type=standard 
A=11058:com.tarumi.reader.debug} mLockTaskAuth=LOCK_TASK_AUTH_PINNABLE
06-17 14:25:47.172  2601  4914 D MiuiFreeFormManagerService: onStartActivityInner as = Task{40b2d9 #2037 type=standard 
A=11058:com.tarumi.reader.debug} op = null
06-17 14:25:47.172  2601  4914 I ActivityTaskManager: moveTaskToFront: Task{40b2d9 #2037 type=standard 
A=11058:com.tarumi.reader.debug} caller trace:com.android.server.wm.Task.updateTaskMovement:1728 
com.android.server.wm.TaskDisplayArea.positionChildTaskAt:420 
com.android.server.wm.TaskDisplayArea.positionChildAt:381 com.android.server.wm.Task.moveToFront:6080 
com.android.server.wm.Task.moveToFront:6050 com.android.server.wm.ActivityStarter.startActivityInner:2452 
com.android.server.wm.ActivityStarter.startActivityUnchecked:1893 
com.android.server.wm.ActivityStarter.executeRequest:1634 com.android.server.wm.ActivityStarter.execute:970 
com.android.server.wm.ActivityTaskManagerService.startActivityAsUser:1582 
06-17 14:25:47.174  2601  4914 I WindowManager: Try to add startingWindow type = STARTING_WINDOW_TYPE_SPLASH_SCREEN 
this = ActivityRecord{aad8023 u0 com.tarumi.reader.debug/org.koitharu.kotatsu.main.ui.MainActivity t2037} 
mOccludesParent = true preAllowTaskSnapshot = true afterAllowTaskSnapshot = true newTask = true taskSwitch = false 
processRunning = true activityCreated = false activityAllDrawn = false isSnapshotCompatible = false resolvedTheme = 
2132017905 theme = 2132017905
06-17 14:25:47.179  2601  3396 D PreStartingManager: Get background color: ffdde9ff  key: 
com.tarumi.reader.debug_night  containColor: true
06-17 14:25:47.179  1444  1444 E vendor.qti.hardware.perf-hal-service: ExtendedPerfBoost: 
extended_perfboost_verification() 738: Ok, set boost params. hintid=4226 hinttype=1 prio=2, clientpid=2601 
packagename=com.tarumi.reader.debug params=boost:1 cpu0:1804800 cpu4:2496000 cpu7:2592000 cpumask:ff
06-17 14:25:47.186  2601  4914 D Transition: setReady 14297 wc=Task{1e2c94a #2036 type=standard 
A=11058:com.tarumi.reader.debug} ready=false
06-17 14:25:47.186  2601  4914 D MiuiEmbeddingWindow: isOpaqueActivity: ActivityRecord{7ce4aec u0 
com.tarumi.reader.debug/org.acra.dialog.CrashReportDialog t2036} is not embeddedfalse false
06-17 14:25:47.186  2601  4914 D MiuiEmbeddingWindow: isOpaqueActivity: ActivityRecord{7ce4aec u0 
com.tarumi.reader.debug/org.acra.dialog.CrashReportDialog t2036} is not embeddedfalse false
06-17 14:25:47.186  2601  4914 D MiuiEmbeddingWindow: isOpaqueActivity: ActivityRecord{7ce4aec u0 
com.tarumi.reader.debug/org.acra.dialog.CrashReportDialog t2036} is not embeddedfalse false
06-17 14:25:47.186  2601  4914 D MiuiEmbeddingWindow: isOpaqueActivity: ActivityRecord{7ce4aec u0 
com.tarumi.reader.debug/org.acra.dialog.CrashReportDialog t2036} is not embeddedfalse false
06-17 14:25:47.186  2601  4914 D MiuiEmbeddingWindow: isOpaqueActivity: ActivityRecord{7ce4aec u0 
com.tarumi.reader.debug/org.acra.dialog.CrashReportDialog t2036} is not embeddedfalse false
06-17 14:25:47.186  2601  4914 D MiuiEmbeddingWindow: isOpaqueActivity: ActivityRecord{7ce4aec u0 
com.tarumi.reader.debug/org.acra.dialog.CrashReportDialog t2036} is not embeddedfalse false
06-17 14:25:47.186  4605  4633 W DynamicDDSService: appName is running in background.com.tarumi.reader.debug
06-17 14:25:47.186  2601  4914 D MiuiEmbeddingWindow: isOpaqueActivity: ActivityRecord{7ce4aec u0 
com.tarumi.reader.debug/org.acra.dialog.CrashReportDialog t2036} is not embeddedfalse false
06-17 14:25:47.186  2601  4914 D MiuiEmbeddingWindow: isOpaqueActivity: ActivityRecord{7ce4aec u0 
com.tarumi.reader.debug/org.acra.dialog.CrashReportDialog t2036} is not embeddedfalse false
06-17 14:25:47.186  2601  4914 I ActivityTaskManager: Add Task{1e2c94a #2036 type=standard 
A=11058:com.tarumi.reader.debug} to hidden list because adding Task{40b2d9 #2037 type=standard 
A=11058:com.tarumi.reader.debug}
06-17 14:25:47.187  2601  4914 D WindowManager: Collecting in transition 14297: ActivityRecord{aad8023 u0 
com.tarumi.reader.debug/org.koitharu.kotatsu.main.ui.MainActivity t2037} init visibleRequested:false
06-17 14:25:47.189  2601  4914 I ActivityTaskManager: START u0 {flg=0x10000000 
cmp=com.tarumi.reader.debug/org.koitharu.kotatsu.main.ui.MainActivity} with LAUNCH_MULTIPLE from uid 2000 from pid 
22064 callingPackage com.android.shell (BAL_ALLOW_PERMISSION) result code=0
06-17 14:25:47.194  2601  2755 D MiuiEmbeddingWindow: isOpaqueActivity: ActivityRecord{7ce4aec u0 
com.tarumi.reader.debug/org.acra.dialog.CrashReportDialog t2036} is not embeddedfalse false
06-17 14:25:47.195  2601  2755 D MiuiEmbeddingWindow: isOpaqueActivity: ActivityRecord{7ce4aec u0 
com.tarumi.reader.debug/org.acra.dialog.CrashReportDialog t2036} is not embeddedfalse false
06-17 14:25:47.195  2601  2755 D MiuiEmbeddingWindow: isOpaqueActivity: ActivityRecord{7ce4aec u0 
com.tarumi.reader.debug/org.acra.dialog.CrashReportDialog t2036} is not embeddedfalse false
06-17 14:25:47.195  2601  2755 D MiuiEmbeddingWindow: isOpaqueActivity: ActivityRecord{7ce4aec u0 
com.tarumi.reader.debug/org.acra.dialog.CrashReportDialog t2036} is not embeddedfalse false
06-17 14:25:47.196  4757  4945 I SoScStageCoordinator: Transition requested:TransitionRequestInfo { type = OPEN, 
triggerTask = TaskInfo{userId=0 taskId=2037 displayId=0 isRunning=true baseIntent=Intent { flg=0x10000000 
cmp=com.tarumi.reader.debug/org.koitharu.kotatsu.main.ui.MainActivity } 
baseActivity=ComponentInfo{com.tarumi.reader.debug/org.koitharu.kotatsu.main.ui.MainActivity} 
topActivity=ComponentInfo{com.tarumi.reader.debug/org.koitharu.kotatsu.main.ui.MainActivity} origActivity=null 
realActivity=ComponentInfo{com.tarumi.reader.debug/org.koitharu.kotatsu.main.ui.MainActivity} numActivities=1 
lastActiveTime=1261700029 supportsSplitScreenMultiWindow=true mSoScDisplayMode=-1 supportsMultiWindow=true 
resizeMode=1 isResizeable=true minWidth=-1 minHeight=-1 defaultMinSize=200 
token=WCT{android.window.IWindowContainerToken$Stub$Proxy@77bf6a4} topActivityType=1 pictureInPictureParams=null 
shouldDockBigOverlays=false launchIntoPipHostTaskId=-1 lastParentTaskIdBeforePip=-1 displayCutoutSafeInsets=Rect(0, 
111 - 0, 0) topActivityInfo=ActivityInfo{bc62c0d org.koitharu.kotatsu.main.ui.MainActivity} launchCookies=[] 
positionInParent=Point(0, 0) parentTaskId=-1 isFocused=false isVisible=false isVisibleRequested=false isSleeping=false 
locusId=null displayAreaFeatureId=1 isTopActivityTransparent=false appCompatTaskInfo=AppCompatTaskInfo { 
topActivityInSizeCompat=false topActivityInMiuiSizeCompat=false topActivityEligibleForLetterboxEducation= 
falseisLetterboxEducationEnabled= false isLetterboxDoubleTapEnabled= false 
topActivityEligibleForUserAspectRatioButton= false topActivityBoundsLetterboxed= false isFromLetterboxDoubleTap= false 
topActivityLetterboxVerticalPosition= -1 topActivityLetterboxHorizontalPosition= -1 topActivityLetterboxWidth=1080 
topActivityLetterboxHeight=2400 isUserFullscreenOverrideEnabled=false isSystemFullscreenOverrideEnabled=false 
cameraCompatTaskInfo=CameraCompatTaskInfo { cameraCompatControlState=hidden freeformCameraCompatMode=inactive}} 
isImmersive=false mTopActivityRequestOrientation=-2 mBehindAppLockPkg=null mOriginatingUid=0 isEmbedded=false 
shouldBeVisible=true isCreatedByOrganizer=false mIsCastMode=false mTopActivityMediaSize=null 
mTopActivityRecordName=ActivityRecord{aad8023 u0 com.tarumi.reader.debug/org.koitharu.kotatsu.main.ui.MainActivity 
t2037} mTopActivityOrientation=-2}, pipTask = null, remoteTransition = null, displayChange = null, flags = 0, debugId 
= 14297 } isSoScActive:false triggerTask:TaskInfo{userId=0 taskId=2037 displayId=0 isRunning=true baseIntent=Intent { 
flg=0x10000000 cmp=com.tarumi.reader.debug/org.koitharu.kotatsu.main.ui.MainActivity } 
baseActivity=ComponentInfo{com.tarumi.reader.debug/org.koitharu.kotatsu.main.ui.MainActivity} 
topActivity=ComponentInfo{com.tarumi.reader.debug/org.koitharu.kotatsu.main.ui.MainActivity} origActivity=null 
realActivity=ComponentInfo{com.tarumi.reader.debug/org.koitharu.kotatsu.main.ui.MainActivity} numActivities=1 
lastActiveTime=1261700029 supportsSplitScreenMultiWindow=true mSoScDisplayMode=-1 supportsMultiWindow=true 
resizeMode=1 isResizeable=true minWidth=-1 minHeight=-1 defaultMinSize=200 
token=WCT{android.window.IWindowContainerToken$Stub$Proxy@77bf6a4} topActivityType=1 pictureInPictureParams=null 
shouldDockBigOverlays=false launchIntoPipHostTaskId=-1 lastParentTaskIdBeforePip=-1 displayCutoutSafeInsets=Rect(0, 
111 - 0, 0) topActivityInfo=ActivityInfo{bc62c0d org.koitharu.kotatsu.main.ui.MainActivity} launchCookies=[] 
positionInParent=Point(0, 0) parentTaskId=-1 isFocused=false isVisible=false isVisibleRequested=false isSleeping=false 
locusId=null displayAreaFeatureId=1 isTopActivityTransparent=false appCompatTaskInfo=AppCompatTaskInfo { 
topActivityInSizeCompat=false topActivityInMiuiSizeCompat=false topActivityEligibleForLetterboxEducation= 
falseisLetterboxEducationEnabled= false isLetterboxDoubleTapEnabled= false 
topActivityEligibleForUserAspectRatioButton= false topActivityBoundsLetterboxed= false isFromLetterboxDoubleTap= false 
topActivityLetterboxVerticalPosition= -1 topActivityLetterboxHorizontalPosition= -1 topActivityLetterboxWidth=108
06-17 14:25:47.200  2601  5542 D MiuiEmbeddingWindow: isOpaqueActivity: ActivityRecord{7ce4aec u0 
com.tarumi.reader.debug/org.acra.dialog.CrashReportDialog t2036} is not embeddedfalse false
06-17 14:25:47.200  2601  5542 D MiuiEmbeddingWindow: isOpaqueActivity: ActivityRecord{7ce4aec u0 
com.tarumi.reader.debug/org.acra.dialog.CrashReportDialog t2036} is not embeddedfalse false
06-17 14:25:47.201  4236  5633 W RecentsModel: getRunningTask   taskInfo=TaskInfo{userId=0 taskId=2036 displayId=0 
isRunning=true baseIntent=Intent { flg=0x10800000 cmp=com.tarumi.reader.debug/org.acra.dialog.CrashReportDialog } 
baseActivity=ComponentInfo{com.tarumi.reader.debug/org.acra.dialog.CrashReportDialog} 
topActivity=ComponentInfo{com.tarumi.reader.debug/org.acra.dialog.CrashReportDialog} origActivity=null 
realActivity=ComponentInfo{com.tarumi.reader.debug/org.acra.dialog.CrashReportDialog} numActivities=1 
lastActiveTime=1261700047 supportsSplitScreenMultiWindow=true mSoScDisplayMode=-1 supportsMultiWindow=true 
resizeMode=1 isResizeable=true minWidth=-1 minHeight=-1 defaultMinSize=200 
token=WCT{android.window.IWindowContainerToken$Stub$Proxy@8d26297} topActivityType=1 pictureInPictureParams=null 
shouldDockBigOverlays=false launchIntoPipHostTaskId=-1 lastParentTaskIdBeforePip=-1 displayCutoutSafeInsets=Rect(0, 
111 - 0, 0) topActivityInfo=ActivityInfo{3682c84 org.acra.dialog.CrashReportDialog} launchCookies=[] 
positionInParent=Point(0, 0) parentTaskId=-1 isFocused=true isVisible=true isVisibleRequested=true isSleeping=false 
locusId=null displayAreaFeatureId=1 isTopActivityTransparent=true appCompatTaskInfo=AppCompatTaskInfo { 
topActivityInSizeCompat=false topActivityInMiuiSizeCompat=false topActivityEligibleForLetterboxEducation= 
falseisLetterboxEducationEnabled= false isLetterboxDoubleTapEnabled= false 
topActivityEligibleForUserAspectRatioButton= false topActivityBoundsLetterboxed= false isFromLetterboxDoubleTap= false 
topActivityLetterboxVerticalPosition= -1 topActivityLetterboxHorizontalPosition= -1 topActivityLetterboxWidth=1080 
topActivityLetterboxHeight=2400 isUserFullscreenOverrideEnabled=false isSystemFullscreenOverrideEnabled=false 
cameraCompatTaskInfo=CameraCompatTaskInfo { cameraCompatControlState=hidden freeformCameraCompatMode=inactive}} 
isImmersive=false mTopActivityRequestOrientation=-2 mBehindAppLockPkg=null mOriginatingUid=0 isEmbedded=false 
shouldBeVisible=true isCreatedByOrganizer=false mIsCastMode=false mTopActivityMediaSize=null 
mTopActivityRecordName=ActivityRecord{7ce4aec u0 com.tarumi.reader.debug/org.acra.dialog.CrashReportDialog t2036} 
mTopActivityOrientation=-1}
06-17 14:25:47.202  4757  4757 D KeyguardEditorHelper: onTopActivityMayChanged, 
topActivity=ComponentInfo{com.tarumi.reader.debug/org.koitharu.kotatsu.main.ui.MainActivity}; mState=IDEL
06-17 14:25:47.203  1444  1444 E vendor.qti.hardware.perf-hal-service: ExtendedPerfBoost: 
extended_perfboost_verification() 738: Ok, set boost params. hintid=4226 hinttype=1 prio=2, clientpid=2601 
packagename=com.tarumi.reader.debug params=boost:1 cpu0:1804800 cpu4:2496000 cpu7:2592000 cpumask:ff
06-17 14:25:47.204  2601  4479 I ActivityTaskManager: The Process com.tarumi.reader.debug Already Exists in BG. So 
sending its PID: 17101
06-17 14:25:47.204  2601  4479 D WindowManager: Collecting in transition 14297: ActivityRecord{aad8023 u0 
com.tarumi.reader.debug/org.koitharu.kotatsu.main.ui.MainActivity t2037} init visibleRequested:false
06-17 14:25:47.212  2601  3396 D PreStartingManager: Drawable is null, pkg: com.tarumi.reader.debug  isNewSplash: true
06-17 14:25:47.217  2601  4479 D WindowManager: Collecting in transition 14297: ActivityRecord{7ce4aec u0 
com.tarumi.reader.debug/org.acra.dialog.CrashReportDialog t2036} init visibleRequested:true
06-17 14:25:47.218  2601  4479 D WindowManager: Collecting in transition 14297: ActivityRecord{aad8023 u0 
com.tarumi.reader.debug/org.koitharu.kotatsu.main.ui.MainActivity t2037} init visibleRequested:true
06-17 14:25:47.230  2601  4479 D WindowManager: isSyncFinished true. ar: ActivityRecord{aad8023 u0 
com.tarumi.reader.debug/org.koitharu.kotatsu.main.ui.MainActivity t2037}
06-17 14:25:47.230  2601  4479 D WindowManager: isSyncFinished true. ar: ActivityRecord{aad8023 u0 
com.tarumi.reader.debug/org.koitharu.kotatsu.main.ui.MainActivity t2037}
06-17 14:25:47.231  2601  4479 I SmartPower: com.tarumi.reader.debug/11058(17101): invisible->visible(63588ms) 
R(become visible) adj=905.
06-17 14:25:47.231  2601  4479 D WindowManager: Final targets: [Task{40b2d9 #2037 type=standard 
A=11058:com.tarumi.reader.debug}, Task{1e2c94a #2036 type=standard A=11058:com.tarumi.reader.debug}, Task{a395c31 #1 
type=home}]
06-17 14:25:47.234  2601  4479 I DynamicIslandService: elementSurfaceTransition is null for:com.tarumi.reader.debug
06-17 14:25:47.234  2601  4479 I DynamicIslandService: elementSurfaceTransition is null for:com.tarumi.reader.debug
06-17 14:25:47.235  2601  4479 D WindowManager: Calling onTransitionReady info={id=14297 t=OPEN f=0x10000 trk=0 
opt={t=FROM_STYLE} r=[0@Point(0, 0)] c=[{WCT{RemoteToken{d529cfc Task{40b2d9 #2037 type=standard 
A=11058:com.tarumi.reader.debug}}} m=OPEN f=NONE leash=Surface(name=Task=2037#232612)/@0x6fc6920 sb=Rect(0, 0 - 1080, 
2400) eb=Rect(0, 0 - 1080, 2400) d=0 taskParent=-1 v=true},{WCT{RemoteToken{22872a5 Task{1e2c94a #2036 type=standard 
A=11058:com.tarumi.reader.debug}}} m=TO_BACK f=TRANSLUCENT leash=Surface(name=Task=2036#232592)/@0xc31feb5 sb=Rect(0, 
0 - 1080, 2400) eb=Rect(0, 0 - 1080, 2400) d=0 taskParent=-1 v=false},{WCT{RemoteToken{3aa6697 Task{a395c31 #1 
type=home}}} m=TO_BACK f=SHOW_WALLPAPER leash=Surface(name=Task=1#47)/@0xa2300d8 sb=Rect(0, 0 - 1080, 2400) eb=Rect(0, 
0 - 1080, 2400) d=0 taskParent=-1 v=false}] mk=[true] noAni=[false] df=[false] rsa=[false] oa=[false] nc=[0] 
sa=[false] ho=[false] iSync=[-1]}, mToken=Token{ee9cf85 TransitionRecord{ad65552 id=14297 type=OPEN flags=0x0}}
06-17 14:25:47.237  2601  4479 E WindowManager:  source = Task{1e2c94a #2036 type=standard 
A=11058:com.tarumi.reader.debug} excludeMiuiNavBar = true excludeMiuiStatusBar = true excludeIme = true excludeNavBar 
= true miuiNavSurfaceControl = Surface(name=Miui Fake NavBar#51)/@0xa1c9651 miuiStatusSurfaceControl = 
Surface(name=Miui Fake StatusBar#50)/@0x81628db
06-17 14:25:47.246  2601  4479 D WindowManager: snapshot isNothing = false source = Task{1e2c94a #2036 type=standard 
A=11058:com.tarumi.reader.debug}
06-17 14:25:47.252  2601  5542 I WindowManager: Allow fixed rotation for not collecting:ActivityRecord{aad8023 u0 
com.tarumi.reader.debug/org.koitharu.kotatsu.main.ui.MainActivity t2037}
06-17 14:25:47.259  4236  5633 E ActivityManagerWrapper:  mainTaskId=2037   userId=0   windowMode=1   
isExcludedFromRecents=false   baseIntent=Intent { act=null flag=268435456 
cmp=ComponentInfo{com.tarumi.reader.debug/org.koitharu.kotatsu.main.ui.MainActivity} }
06-17 14:25:47.271  2601  2752 D WmSystemUiDebug: on system bar attributes changed displayId=0 
appearance=LIGHT_STATUS_BARS LIGHT_NAVIGATION_BARS appearanceRegions=[AppearanceRegion{LIGHT_STATUS_BARS 
bounds=[0,0][1080,2400]}] navbarColorManagedByIme=false behavior=1 requestedVisibleTypes=[statusBars navigationBars 
captionBar systemGestures mandatorySystemGestures tappableElement displayCutout windowDecor systemOverlays] 
packageName=com.tarumi.reader.debug letterboxDetails=[]
06-17 14:25:47.271  2601  5607 I WindowManager: Allow fixed rotation for not collecting:ActivityRecord{aad8023 u0 
com.tarumi.reader.debug/org.koitharu.kotatsu.main.ui.MainActivity t2037}
06-17 14:25:47.280  4236  5633 W RecentsModel: getRunningTask   taskInfo=TaskInfo{userId=0 taskId=2037 displayId=0 
isRunning=true baseIntent=Intent { flg=0x10000000 
cmp=com.tarumi.reader.debug/org.koitharu.kotatsu.main.ui.MainActivity } 
baseActivity=ComponentInfo{com.tarumi.reader.debug/org.koitharu.kotatsu.main.ui.MainActivity} 
topActivity=ComponentInfo{com.tarumi.reader.debug/org.koitharu.kotatsu.main.ui.MainActivity} origActivity=null 
realActivity=ComponentInfo{com.tarumi.reader.debug/org.koitharu.kotatsu.main.ui.MainActivity} numActivities=1 
lastActiveTime=1261700126 supportsSplitScreenMultiWindow=true mSoScDisplayMode=-1 supportsMultiWindow=true 
resizeMode=1 isResizeable=true minWidth=-1 minHeight=-1 defaultMinSize=200 
token=WCT{android.window.IWindowContainerToken$Stub$Proxy@cd09133} topActivityType=1 pictureInPictureParams=null 
shouldDockBigOverlays=false launchIntoPipHostTaskId=-1 lastParentTaskIdBeforePip=-1 displayCutoutSafeInsets=null 
topActivityInfo=ActivityInfo{17d8cf0 org.koitharu.kotatsu.main.ui.MainActivity} launchCookies=[] 
positionInParent=Point(0, 0) parentTaskId=-1 isFocused=true isVisible=true isVisibleRequested=true isSleeping=false 
locusId=null displayAreaFeatureId=1 isTopActivityTransparent=false appCompatTaskInfo=AppCompatTaskInfo { 
topActivityInSizeCompat=false topActivityInMiuiSizeCompat=false topActivityEligibleForLetterboxEducation= 
falseisLetterboxEducationEnabled= false isLetterboxDoubleTapEnabled= false 
topActivityEligibleForUserAspectRatioButton= false topActivityBoundsLetterboxed= false isFromLetterboxDoubleTap= false 
topActivityLetterboxVerticalPosition= -1 topActivityLetterboxHorizontalPosition= -1 topActivityLetterboxWidth=1080 
topActivityLetterboxHeight=2400 isUserFullscreenOverrideEnabled=false isSystemFullscreenOverrideEnabled=false 
cameraCompatTaskInfo=CameraCompatTaskInfo { cameraCompatControlState=hidden freeformCameraCompatMode=inactive}} 
isImmersive=false mTopActivityRequestOrientation=-1 mBehindAppLockPkg=null mOriginatingUid=0 isEmbedded=false 
shouldBeVisible=true isCreatedByOrganizer=false mIsCastMode=false mTopActivityMediaSize=null 
mTopActivityRecordName=ActivityRecord{aad8023 u0 com.tarumi.reader.debug/org.koitharu.kotatsu.main.ui.MainActivity 
t2037} mTopActivityOrientation=-1}
06-17 14:25:47.280 17101 22070 D HWUI    : MiShaderPrecompile handle com.tarumi.reader.debug, isSksl: 0, 
isAppInPreCacheList: 0, isGpuVersionChanged: 0, isSkslChanged: 0
06-17 14:25:47.286  2601  3894 D ProcessManager: skip notify foregroundAppInfo:ApplicationInfo{dfa8a71 
com.tarumi.reader.debug}
06-17 14:25:47.287  4236  5633 E ActivityManagerWrapper:  mainTaskId=2037   userId=0   windowMode=1   
isExcludedFromRecents=false   baseIntent=Intent { act=null flag=268435456 
cmp=ComponentInfo{com.tarumi.reader.debug/org.koitharu.kotatsu.main.ui.MainActivity} }
06-17 14:25:47.288  4236  5633 D RecentsTaskLoader: reloadTasksData [TaskKey{id=2037, stackId=0, baseIntent=Intent { 
flg=0x10000000 cmp=com.tarumi.reader.debug/org.koitharu.kotatsu.main.ui.MainActivity }, userId=0, 
lastActiveTime=1261700062, windowingMode=1, isThumbnailBlur=false, isAccessLocked=false, isScreening=false, 
topActivity=ComponentInfo{com.tarumi.reader.debug/org.koitharu.kotatsu.main.ui.MainActivity}, mHashCode=61607819}, 
title=Tarumi, titleDescription=Tarumi, bounds=null, isLaunchTarget=false, isStackTask=true, isSystemApp=false, 
isDockable=true, baseActivity=ComponentInfo{com.tarumi.reader.debug/org.koitharu.kotatsu.main.ui.MainActivity}, 
isLocked=false, mNeedHide=false, hasMultipleTasks=false, cti1Key=, cti2Key=, cti1Task=, cti2Task=] 
06-17 14:25:47.298  2601  3927 E HyperSentinel: ->pid:17101,processName:"com.tarumi.reader.debug",Rss Memory Size 
Change 224120kb -> 292280kb
06-17 14:25:47.308  4236  5633 D RecentsTaskLoader: reloadTasksData [TaskKey{id=2037, stackId=0, baseIntent=Intent { 
flg=0x10000000 cmp=com.tarumi.reader.debug/org.koitharu.kotatsu.main.ui.MainActivity }, userId=0, 
lastActiveTime=1261700062, windowingMode=1, isThumbnailBlur=false, isAccessLocked=false, isScreening=false, 
topActivity=ComponentInfo{com.tarumi.reader.debug/org.koitharu.kotatsu.main.ui.MainActivity}, mHashCode=61607819}, 
title=Tarumi, titleDescription=Tarumi, bounds=null, isLaunchTarget=false, isStackTask=true, isSystemApp=false, 
isDockable=true, baseActivity=ComponentInfo{com.tarumi.reader.debug/org.koitharu.kotatsu.main.ui.MainActivity}, 
isLocked=false, mNeedHide=false, hasMultipleTasks=false, cti1Key=, cti2Key=, cti1Task=, cti2Task=] 
06-17 14:25:47.313  2601  2755 I WindowManager: wms.showSurfaceRobustly mWin:Window{76371a6 u0 Splash Screen 
com.tarumi.reader.debug}
06-17 14:25:47.333  4236  5633 W RecentsModel: getRunningTask   taskInfo=TaskInfo{userId=0 taskId=2037 displayId=0 
isRunning=true baseIntent=Intent { flg=0x10000000 
cmp=com.tarumi.reader.debug/org.koitharu.kotatsu.main.ui.MainActivity } 
baseActivity=ComponentInfo{com.tarumi.reader.debug/org.koitharu.kotatsu.main.ui.MainActivity} 
topActivity=ComponentInfo{com.tarumi.reader.debug/org.koitharu.kotatsu.main.ui.MainActivity} origActivity=null 
realActivity=ComponentInfo{com.tarumi.reader.debug/org.koitharu.kotatsu.main.ui.MainActivity} numActivities=1 
lastActiveTime=1261700180 supportsSplitScreenMultiWindow=true mSoScDisplayMode=-1 supportsMultiWindow=true 
resizeMode=1 isResizeable=true minWidth=-1 minHeight=-1 defaultMinSize=200 
token=WCT{android.window.IWindowContainerToken$Stub$Proxy@7420a08} topActivityType=1 pictureInPictureParams=null 
shouldDockBigOverlays=false launchIntoPipHostTaskId=-1 lastParentTaskIdBeforePip=-1 displayCutoutSafeInsets=null 
topActivityInfo=ActivityInfo{5ce5a1 org.koitharu.kotatsu.main.ui.MainActivity} launchCookies=[] 
positionInParent=Point(0, 0) parentTaskId=-1 isFocused=true isVisible=true isVisibleRequested=true isSleeping=false 
locusId=null displayAreaFeatureId=1 isTopActivityTransparent=false appCompatTaskInfo=AppCompatTaskInfo { 
topActivityInSizeCompat=false topActivityInMiuiSizeCompat=false topActivityEligibleForLetterboxEducation= 
falseisLetterboxEducationEnabled= false isLetterboxDoubleTapEnabled= false 
topActivityEligibleForUserAspectRatioButton= false topActivityBoundsLetterboxed= false isFromLetterboxDoubleTap= false 
topActivityLetterboxVerticalPosition= -1 topActivityLetterboxHorizontalPosition= -1 topActivityLetterboxWidth=1080 
topActivityLetterboxHeight=2400 isUserFullscreenOverrideEnabled=false isSystemFullscreenOverrideEnabled=false 
cameraCompatTaskInfo=CameraCompatTaskInfo { cameraCompatControlState=hidden freeformCameraCompatMode=inactive}} 
isImmersive=false mTopActivityRequestOrientation=-1 mBehindAppLockPkg=null mOriginatingUid=0 isEmbedded=false 
shouldBeVisible=true isCreatedByOrganizer=false mIsCastMode=false mTopActivityMediaSize=null 
mTopActivityRecordName=ActivityRecord{aad8023 u0 com.tarumi.reader.debug/org.koitharu.kotatsu.main.ui.MainActivity 
t2037} mTopActivityOrientation=-1}
06-17 14:25:47.338  4236  5633 E ActivityManagerWrapper:  mainTaskId=2037   userId=0   windowMode=1   
isExcludedFromRecents=false   baseIntent=Intent { act=null flag=268435456 
cmp=ComponentInfo{com.tarumi.reader.debug/org.koitharu.kotatsu.main.ui.MainActivity} }
06-17 14:25:47.341  4236  5633 D RecentsTaskLoader: reloadTasksData [TaskKey{id=2037, stackId=0, baseIntent=Intent { 
flg=0x10000000 cmp=com.tarumi.reader.debug/org.koitharu.kotatsu.main.ui.MainActivity }, userId=0, 
lastActiveTime=1261700062, windowingMode=1, isThumbnailBlur=false, isAccessLocked=false, isScreening=false, 
topActivity=ComponentInfo{com.tarumi.reader.debug/org.koitharu.kotatsu.main.ui.MainActivity}, mHashCode=61607819}, 
title=Tarumi, titleDescription=Tarumi, bounds=null, isLaunchTarget=false, isStackTask=true, isSystemApp=false, 
isDockable=true, baseActivity=ComponentInfo{com.tarumi.reader.debug/org.koitharu.kotatsu.main.ui.MainActivity}, 
isLocked=false, mNeedHide=false, hasMultipleTasks=false, cti1Key=, cti2Key=, cti1Task=, cti2Task=] 
06-17 14:25:47.474 17101 17101 W mi.reader.debug: type=1400 audit(0.0:948329): avc:  denied  { read } for  
name="u:object_r:vendor_displayfeature_prop:s0" dev="tmpfs" ino=463 scontext=u:r:untrusted_app:s0:c34,c260,c512,c768 
tcontext=u:object_r:vendor_displayfeature_prop:s0 tclass=file permissive=0 app=com.tarumi.reader.debug
06-17 14:25:47.843  2601  5824 I Transition: finishTransition: updateLastSurfacePosition tf=Task{40b2d9 #2037 
type=standard A=11058:com.tarumi.reader.debug}
06-17 14:25:47.854  4757  4945 D MiuiFreeformModeController: onFocusTaskChanged taskInfo: TaskInfo{userId=0 
taskId=2037 displayId=0 isRunning=true baseIntent=Intent { flg=0x10000000 
cmp=com.tarumi.reader.debug/org.koitharu.kotatsu.main.ui.MainActivity } 
baseActivity=ComponentInfo{com.tarumi.reader.debug/org.koitharu.kotatsu.main.ui.MainActivity} 
topActivity=ComponentInfo{com.tarumi.reader.debug/org.koitharu.kotatsu.main.ui.MainActivity} origActivity=null 
realActivity=ComponentInfo{com.tarumi.reader.debug/org.koitharu.kotatsu.main.ui.MainActivity} numActivities=1 
lastActiveTime=1261700062 supportsSplitScreenMultiWindow=true mSoScDisplayMode=-1 supportsMultiWindow=true 
resizeMode=1 isResizeable=true minWidth=-1 minHeight=-1 defaultMinSize=200 
token=WCT{android.window.IWindowContainerToken$Stub$Proxy@e70c29c} topActivityType=1 pictureInPictureParams=null 
shouldDockBigOverlays=false launchIntoPipHostTaskId=-1 lastParentTaskIdBeforePip=-1 displayCutoutSafeInsets=null 
topActivityInfo=ActivityInfo{1f694a5 org.koitharu.kotatsu.main.ui.MainActivity} launchCookies=[] 
positionInParent=Point(0, 0) parentTaskId=-1 isFocused=true isVisible=true isVisibleRequested=true isSleeping=false 
locusId=null displayAreaFeatureId=1 isTopActivityTransparent=false appCompatTaskInfo=AppCompatTaskInfo { 
topActivityInSizeCompat=false topActivityInMiuiSizeCompat=false topActivityEligibleForLetterboxEducation= 
falseisLetterboxEducationEnabled= false isLetterboxDoubleTapEnabled= false 
topActivityEligibleForUserAspectRatioButton= false topActivityBoundsLetterboxed= false isFromLetterboxDoubleTap= false 
topActivityLetterboxVerticalPosition= -1 topActivityLetterboxHorizontalPosition= -1 topActivityLetterboxWidth=1080 
topActivityLetterboxHeight=2400 isUserFullscreenOverrideEnabled=false isSystemFullscreenOverrideEnabled=false 
cameraCompatTaskInfo=CameraCompatTaskInfo { cameraCompatControlState=hidden freeformCameraCompatMode=inactive}} 
isImmersive=false mTopActivityRequestOrientation=-1 mBehindAppLockPkg=null mOriginatingUid=0 isEmbedded=false 
shouldBeVisible=true isCreatedByOrganizer=false mIsCastMode=false mTopActivityMediaSize=null 
mTopActivityRecordName=ActivityRecord{aad8023 u0 com.tarumi.reader.debug/org.koitharu.kotatsu.main.ui.MainActivity 
t2037} mTopActivityOrientation=-1}
06-17 14:25:47.862  4236  5633 W RecentsModel: getRunningTask   taskInfo=TaskInfo{userId=0 taskId=2037 displayId=0 
isRunning=true baseIntent=Intent { flg=0x10000000 
cmp=com.tarumi.reader.debug/org.koitharu.kotatsu.main.ui.MainActivity } 
baseActivity=ComponentInfo{com.tarumi.reader.debug/org.koitharu.kotatsu.main.ui.MainActivity} 
topActivity=ComponentInfo{com.tarumi.reader.debug/org.koitharu.kotatsu.main.ui.MainActivity} origActivity=null 
realActivity=ComponentInfo{com.tarumi.reader.debug/org.koitharu.kotatsu.main.ui.MainActivity} numActivities=1 
lastActiveTime=1261700707 supportsSplitScreenMultiWindow=true mSoScDisplayMode=-1 supportsMultiWindow=true 
resizeMode=1 isResizeable=true minWidth=-1 minHeight=-1 defaultMinSize=200 
token=WCT{android.window.IWindowContainerToken$Stub$Proxy@10b03c6} topActivityType=1 pictureInPictureParams=null 
shouldDockBigOverlays=false launchIntoPipHostTaskId=-1 lastParentTaskIdBeforePip=-1 displayCutoutSafeInsets=null 
topActivityInfo=ActivityInfo{dfb1f87 org.koitharu.kotatsu.main.ui.MainActivity} launchCookies=[] 
positionInParent=Point(0, 0) parentTaskId=-1 isFocused=true isVisible=true isVisibleRequested=true isSleeping=false 
locusId=null displayAreaFeatureId=1 isTopActivityTransparent=false appCompatTaskInfo=AppCompatTaskInfo { 
topActivityInSizeCompat=false topActivityInMiuiSizeCompat=false topActivityEligibleForLetterboxEducation= 
falseisLetterboxEducationEnabled= false isLetterboxDoubleTapEnabled= false 
topActivityEligibleForUserAspectRatioButton= false topActivityBoundsLetterboxed= false isFromLetterboxDoubleTap= false 
topActivityLetterboxVerticalPosition= -1 topActivityLetterboxHorizontalPosition= -1 topActivityLetterboxWidth=1080 
topActivityLetterboxHeight=2400 isUserFullscreenOverrideEnabled=false isSystemFullscreenOverrideEnabled=false 
cameraCompatTaskInfo=CameraCompatTaskInfo { cameraCompatControlState=hidden freeformCameraCompatMode=inactive}} 
isImmersive=false mTopActivityRequestOrientation=-1 mBehindAppLockPkg=null mOriginatingUid=0 isEmbedded=false 
shouldBeVisible=true isCreatedByOrganizer=false mIsCastMode=false mTopActivityMediaSize=null 
mTopActivityRecordName=ActivityRecord{aad8023 u0 com.tarumi.reader.debug/org.koitharu.kotatsu.main.ui.MainActivity 
t2037} mTopActivityOrientation=-1}
06-17 14:25:47.871  4236  5633 E ActivityManagerWrapper:  mainTaskId=2037   userId=0   windowMode=1   
isExcludedFromRecents=false   baseIntent=Intent { act=null flag=268435456 
cmp=ComponentInfo{com.tarumi.reader.debug/org.koitharu.kotatsu.main.ui.MainActivity} }
06-17 14:25:47.872  4236  5633 D RecentsTaskLoader: reloadTasksData [TaskKey{id=2037, stackId=0, baseIntent=Intent { 
flg=0x10000000 cmp=com.tarumi.reader.debug/org.koitharu.kotatsu.main.ui.MainActivity }, userId=0, 
lastActiveTime=1261700062, windowingMode=1, isThumbnailBlur=false, isAccessLocked=false, isScreening=false, 
topActivity=ComponentInfo{com.tarumi.reader.debug/org.koitharu.kotatsu.main.ui.MainActivity}, mHashCode=61607819}, 
title=Tarumi, titleDescription=Tarumi, bounds=null, isLaunchTarget=false, isStackTask=true, isSystemApp=false, 
isDockable=true, baseActivity=ComponentInfo{com.tarumi.reader.debug/org.koitharu.kotatsu.main.ui.MainActivity}, 
isLocked=false, mNeedHide=false, hasMultipleTasks=false, cti1Key=, cti2Key=, cti1Task=, cti2Task=] 
06-17 14:25:47.876  2601  3195 I SmartPower: com.tarumi.reader.debug:acra/11058(6240): visible->invisible(63623ms) 
R(become invisible) adj=200.
06-17 14:25:48.406  2601  4914 W PackageConfigPersister: App-specific configuration not found for packageName: 
com.tarumi.reader.debug and userId: 0
06-17 14:25:48.461 17101 17101 W MessageMonitor: PerfMonitor: Slow Operation: Activity 
com.tarumi.reader.debug/org.koitharu.kotatsu.main.ui.MainActivity onCreate took 1137ms
06-17 14:25:49.133 17101 17101 W MessageMonitor: PerfMonitor: Slow Operation: Activity 
com.tarumi.reader.debug/org.koitharu.kotatsu.main.ui.MainActivity onStart took 669ms
06-17 14:25:49.299 17101 17101 D DecorViewImmersiveImpl: 
onAttachedToWindow:com.tarumi.reader.debug/org.koitharu.kotatsu.main.ui.MainActivity
06-17 14:25:49.299  2601  5822 D CoreBackPreview: Window{7ab61a8 u0 
com.tarumi.reader.debug/org.koitharu.kotatsu.main.ui.MainActivity}: Setting back callback 
OnBackInvokedCallbackInfo{mCallback=android.window.IOnBackInvokedCallback$Stub$Proxy@a6130f2, mPriority=-1, 
mIsAnimationCallback=false}
06-17 14:25:49.309  2601  5824 D ActivityManager: Logging bindService for com.tarumi.reader.debug, stopped=false, 
firstLaunch=false
06-17 14:25:49.695  2601  3195 D WindowManager: wms.Input focus has changed to Window{7ab61a8 u0 
com.tarumi.reader.debug/org.koitharu.kotatsu.main.ui.MainActivity} display=0 updateInputWindows = true
06-17 14:25:49.696  2601  2752 D WmSystemUiDebug: on system bar attributes changed displayId=0 
appearance=LIGHT_STATUS_BARS LIGHT_NAVIGATION_BARS appearanceRegions=[AppearanceRegion{LIGHT_STATUS_BARS 
bounds=[0,0][1080,2400]}] navbarColorManagedByIme=false behavior=2 requestedVisibleTypes=[statusBars captionBar 
systemGestures mandatorySystemGestures tappableElement displayCutout windowDecor systemOverlays] 
packageName=com.tarumi.reader.debug letterboxDetails=[]
06-17 14:25:49.708  2601  2752 D WmSystemUiDebug: on system bar attributes changed displayId=0 
appearance=LIGHT_STATUS_BARS appearanceRegions=[AppearanceRegion{LIGHT_STATUS_BARS bounds=[0,0][1080,2400]}] 
navbarColorManagedByIme=false behavior=2 requestedVisibleTypes=[statusBars captionBar systemGestures 
mandatorySystemGestures tappableElement displayCutout windowDecor systemOverlays] packageName=com.tarumi.reader.debug 
letterboxDetails=[]
06-17 14:25:49.722 17101 17101 W mi.reader.debug: type=1400 audit(0.0:948330): avc:  denied  { read } for  
name="u:object_r:vendor_display_prop:s0" dev="tmpfs" ino=462 scontext=u:r:untrusted_app:s0:c34,c260,c512,c768 
tcontext=u:object_r:vendor_display_prop:s0 tclass=file permissive=0 app=com.tarumi.reader.debug
06-17 14:25:49.722 17101 17101 W mi.reader.debug: type=1400 audit(0.0:948331): avc:  denied  { read } for  
name="u:object_r:vendor_display_prop:s0" dev="tmpfs" ino=462 scontext=u:r:untrusted_app:s0:c34,c260,c512,c768 
tcontext=u:object_r:vendor_display_prop:s0 tclass=file permissive=0 app=com.tarumi.reader.debug
06-17 14:25:50.361  2601  3927 E HyperSentinel: ->pid:17101,processName:"com.tarumi.reader.debug",Rss Memory Size 
Change 292280kb -> 367260kb
06-17 14:25:50.717  2601  9013 D WindowManager: wms.finishDrawingLocked: mDrawState=COMMIT_DRAW_PENDING Window{7ab61a8 
u0 com.tarumi.reader.debug/org.koitharu.kotatsu.main.ui.MainActivity} in 
Surface(name=com.tarumi.reader.debug/org.koitharu.kotatsu.main.ui.MainActivity#232627)/@0xfaa8316
06-17 14:25:50.723  2601  2755 I WindowManager: onFirstWindowDrawn, try to remove startingWindow. this = 
ActivityRecord{aad8023 u0 com.tarumi.reader.debug/org.koitharu.kotatsu.main.ui.MainActivity t2037} associatedTask = 
null isMainWindow = true mStartingWindow = Window{76371a6 u0 Splash Screen com.tarumi.reader.debug} mStartingData = 
SplashScreenStartingData{c0ef74c waitForSyncTransactionCommit=false removeAfterTransaction= 0}
06-17 14:25:50.733  2601  2755 I ATMSImpl: No snapshot since not start by launcher, 
activity=com.tarumi.reader.debug/org.koitharu.kotatsu.main.ui.MainActivity
06-17 14:25:50.734  2601  2755 I SmartPower: Miui monitor launch : 
com.tarumi.reader.debug/org.koitharu.kotatsu.main.ui.MainActivity  transitionTime:109  launchTime:3605  
launchFrom:unknown  launchType:2
06-17 14:25:50.740  2601  2755 I WindowManager: wms.showSurfaceRobustly mWin:Window{7ab61a8 u0 
com.tarumi.reader.debug/org.koitharu.kotatsu.main.ui.MainActivity}
06-17 14:25:50.856  2601  5824 D ActivityManager: Logging startService for com.tarumi.reader.debug, stopped=false, 
firstLaunch=false, intent=Intent { cmp=com.tarumi.reader.debug/org.koitharu.kotatsu.local.ui.LocalIndexUpdateService 
}, r.app=ProcessRecord{620ff25 17101:com.tarumi.reader.debug/u0a1058}
06-17 14:25:50.859  2601  3195 D ActivityManager: Logging startService for com.tarumi.reader.debug, stopped=false, 
firstLaunch=false, intent=Intent { 
cmp=com.tarumi.reader.debug/org.koitharu.kotatsu.backups.ui.periodical.PeriodicalBackupService }, 
r.app=ProcessRecord{620ff25 17101:com.tarumi.reader.debug/u0a1058}
06-17 14:25:50.892  2601  2664 I ActivityTaskManager: Displayed 
com.tarumi.reader.debug/org.koitharu.kotatsu.main.ui.MainActivity for user 0: +3s605ms
06-17 14:25:51.065  2601  9013 W PackageConfigPersister: App-specific configuration not found for packageName: 
com.tarumi.reader.debug and userId: 0
06-17 14:25:51.093  2601  5824 W PackageConfigPersister: App-specific configuration not found for packageName: 
com.tarumi.reader.debug and userId: 0
06-17 14:25:51.175  2601  9015 D WindowManager: Starting window removed Window{76371a6 u0 Splash Screen 
com.tarumi.reader.debug EXITING}
06-17 14:25:51.175  2601  9015 W InputManager-JNI: Input channel object '76371a6 Splash Screen com.tarumi.reader.debug 
(client)' was disposed without first being removed with the input manager!
06-17 14:25:51.195  4605  4719 I DynamicDDSService: handleMessage(ACTIVITY_SUSPEND{appInfo=com.tarumi.reader.debug 
isFullScreen=}true)
06-17 14:25:51.216  2601  3594 I ImeTracker: com.tarumi.reader.debug:5ee7a305: onRequestHide at ORIGIN_SERVER reason 
HIDE_UNSPECIFIED_WINDOW fromUser false
06-17 14:25:51.216  2601  3594 I ImeTracker: com.tarumi.reader.debug:5ee7a305: onCancelled at PHASE_SERVER_SHOULD_HIDE
06-17 14:25:51.304  2601  2755 I WindowManager: StartingWindow exit animation finished, win = Window{76371a6 u0 Splash 
Screen com.tarumi.reader.debug EXITING} remove = true
06-17 14:25:51.307 17101 22275 W InteractionJankMonitor: Initializing without READ_DEVICE_CONFIG permission. 
enabled=false, interval=1, missedFrameThreshold=3, frameTimeThreshold=64, package=com.tarumi.reader.debug
06-17 14:25:51.314  2601  2755 D WindowManager: postWindowRemoveCleanupLocked: Removing startingWindow Window{76371a6 
u0 Splash Screen com.tarumi.reader.debug} from ActivityRecord{aad8023 u0 
com.tarumi.reader.debug/org.koitharu.kotatsu.main.ui.MainActivity t2037} activity = ActivityRecord{aad8023 u0 
com.tarumi.reader.debug/org.koitharu.kotatsu.main.ui.MainActivity t2037}
06-17 14:25:51.329  2601  3872 D Aurogon :  onForegroundActivitiesChanged packageName = com.tarumi.reader.debug
06-17 14:25:51.422 17101 17101 D InsetsController: cancelAnimation of types:2 animType=1 
host:com.tarumi.reader.debug/org.koitharu.kotatsu.main.ui.MainActivity invokeCallback=false
06-17 14:25:56.757  2601  3547 I MIUIInput: [MotionEvent] publisher action=0x0, deviceId=7, 776636411, channel 
'7ab61a8 com.tarumi.reader.debug/org.koitharu.kotatsu.main.ui.MainActivity (server)'
06-17 14:25:56.774 17101 17101 I MIUIInput: [MotionEvent] ViewRootImpl windowName 
'com.tarumi.reader.debug/org.koitharu.kotatsu.main.ui.MainActivity', { action=ACTION_DOWN, id[0]=0, pointerCount=1, 
eventTime=776636411, downTime=776636411, phoneEventTime=14:25:56.740 } moveCount:0
06-17 14:25:56.815  2601  3547 I MIUIInput: [MotionEvent] publisher action=0x1, deviceId=7, 776636484, channel 
'7ab61a8 com.tarumi.reader.debug/org.koitharu.kotatsu.main.ui.MainActivity (server)'
06-17 14:25:56.817 17101 17101 I MIUIInput: [MotionEvent] ViewRootImpl windowName 
'com.tarumi.reader.debug/org.koitharu.kotatsu.main.ui.MainActivity', { action=ACTION_UP, id[0]=0, pointerCount=1, 
eventTime=776636484, downTime=776636411, phoneEventTime=14:25:56.813 } moveCount:0
06-17 14:25:56.851  2601  5023 D CoreBackPreview: Window{7ab61a8 u0 
com.tarumi.reader.debug/org.koitharu.kotatsu.main.ui.MainActivity}: Setting back callback 
OnBackInvokedCallbackInfo{mCallback=android.window.IOnBackInvokedCallback$Stub$Proxy@7e1c39c, mPriority=0, 
mIsAnimationCallback=true}
06-17 14:25:58.792  2601  3547 I MIUIInput: [MotionEvent] publisher action=0x0, deviceId=7, 776638462, channel 
'7ab61a8 com.tarumi.reader.debug/org.koitharu.kotatsu.main.ui.MainActivity (server)'
06-17 14:25:58.797 17101 17101 I MIUIInput: [MotionEvent] ViewRootImpl windowName 
'com.tarumi.reader.debug/org.koitharu.kotatsu.main.ui.MainActivity', { action=ACTION_DOWN, id[0]=0, pointerCount=1, 
eventTime=776638462, downTime=776638462, phoneEventTime=14:25:58.792 } moveCount:0
06-17 14:25:58.927  2601  3195 D PerfShielderService: 
com.tarumi.reader.debug|com.tarumi.reader.debug/org.koitharu.kotatsu.main.ui.MainActivity|266|776637834053422|157|2|8
06-17 14:25:58.928  7281 24426 W MiuiPerfServiceClient: 
interceptAndQueuing:17101|com.tarumi.reader.debug|266|157|776637834053422|Slow handle animation|8
06-17 14:25:59.020  2601  3547 I MIUIInput: [MotionEvent] publisher action=0x1, deviceId=7, 776638690, channel 
'7ab61a8 com.tarumi.reader.debug/org.koitharu.kotatsu.main.ui.MainActivity (server)'
06-17 14:25:59.025 17101 17101 I MIUIInput: [MotionEvent] ViewRootImpl windowName 
'com.tarumi.reader.debug/org.koitharu.kotatsu.main.ui.MainActivity', { action=ACTION_UP, id[0]=0, pointerCount=1, 
eventTime=776638690, downTime=776638462, phoneEventTime=14:25:59.019 } moveCount:1
06-17 14:25:59.319  2601  3872 D GreezeManager: cancelJobTimeout pkg=com.tarumi.reader.debug uid=11058
06-17 14:25:59.425 17101 17101 E ACRA    : ACRA caught a NotFoundException for com.tarumi.reader.debug
06-17 14:25:59.437  2601  5023 I ActivityTaskManager: moveTaskToFront: Task{1e2c94a #2036 type=standard 
A=11058:com.tarumi.reader.debug} caller trace:com.android.server.wm.Task.updateTaskMovement:1728 
com.android.server.wm.TaskDisplayArea.positionChildTaskAt:420 
com.android.server.wm.TaskDisplayArea.positionChildAt:381 com.android.server.wm.Task.moveToFront:6080 
com.android.server.wm.Task.moveToFront:6050 com.android.server.wm.Task.moveToFront:6040 
com.android.server.wm.Task.adjustFocusToNextFocusableTask:3376 
com.android.server.wm.ActivityRecord.finishIfPossible:4747 
com.android.server.wm.ActivityClientController.finishActivity:660 
android.app.IActivityClientController$Stub.onTransact:813 
06-17 14:25:59.438  2601  5023 D MiuiFreeFormGestureController: deliverResultForFinishActivity resultTo: null 
resultFrom: ActivityRecord{aad8023 u0 com.tarumi.reader.debug/org.koitharu.kotatsu.main.ui.MainActivity t2037 f}} 
isInVideoOrGameScene: false intent: Intent { flg=0x10000000 
cmp=com.tarumi.reader.debug/org.koitharu.kotatsu.main.ui.MainActivity }
06-17 14:25:59.440  2601  5023 D WindowManager: Collecting in transition 14298: Task{40b2d9 #2037 type=standard 
A=11058:com.tarumi.reader.debug} init visibleRequested:true
06-17 14:25:59.440  2601  5023 D WindowManager: Collecting in transition 14298: ActivityRecord{aad8023 u0 
com.tarumi.reader.debug/org.koitharu.kotatsu.main.ui.MainActivity t2037 f}} init visibleRequested:true
06-17 14:25:59.438 17101 17101 W RenderThread: type=1400 audit(0.0:948788): avc:  denied  { getattr } for  
path="/sys/module/metis/parameters/minor_window_app" dev="sysfs" ino=69830 
scontext=u:r:untrusted_app:s0:c34,c260,c512,c768 tcontext=u:object_r:sysfs_migt:s0 tclass=file permissive=0 
app=com.tarumi.reader.debug
06-17 14:25:59.442  2601  5023 D Transition: setReady 14298 wc=Task{40b2d9 #2037 type=standard 
A=11058:com.tarumi.reader.debug} ready=false
06-17 14:25:59.444  2601  2755 D WindowManager: wms.Focus not requested for window=Window{7ab61a8 u0 
com.tarumi.reader.debug/org.koitharu.kotatsu.main.ui.MainActivity} because it has no surface or is not focusable.
06-17 14:25:59.445  4757  4945 I SoScStageCoordinator: Transition requested:TransitionRequestInfo { type = CLOSE, 
triggerTask = TaskInfo{userId=0 taskId=2037 displayId=0 isRunning=false baseIntent=Intent { flg=0x10000000 
cmp=com.tarumi.reader.debug/org.koitharu.kotatsu.main.ui.MainActivity } baseActivity=null topActivity=null 
origActivity=null realActivity=ComponentInfo{com.tarumi.reader.debug/org.koitharu.kotatsu.main.ui.MainActivity} 
numActivities=0 lastActiveTime=1261700062 supportsSplitScreenMultiWindow=true mSoScDisplayMode=-1 
supportsMultiWindow=true resizeMode=1 isResizeable=true minWidth=-1 minHeight=-1 defaultMinSize=200 
token=WCT{android.window.IWindowContainerToken$Stub$Proxy@50b7c1e} topActivityType=1 pictureInPictureParams=null 
shouldDockBigOverlays=false launchIntoPipHostTaskId=-1 lastParentTaskIdBeforePip=-1 displayCutoutSafeInsets=null 
topActivityInfo=null launchCookies=[] positionInParent=Point(0, 0) parentTaskId=-1 isFocused=true isVisible=true 
isVisibleRequested=true isSleeping=false locusId=null displayAreaFeatureId=1 isTopActivityTransparent=false 
appCompatTaskInfo=AppCompatTaskInfo { topActivityInSizeCompat=false topActivityInMiuiSizeCompat=false 
topActivityEligibleForLetterboxEducation= falseisLetterboxEducationEnabled= false isLetterboxDoubleTapEnabled= false 
topActivityEligibleForUserAspectRatioButton= false topActivityBoundsLetterboxed= false isFromLetterboxDoubleTap= false 
topActivityLetterboxVerticalPosition= -1 topActivityLetterboxHorizontalPosition= -1 topActivityLetterboxWidth=-1 
topActivityLetterboxHeight=-1 isUserFullscreenOverrideEnabled=false isSystemFullscreenOverrideEnabled=false 
cameraCompatTaskInfo=CameraCompatTaskInfo { cameraCompatControlState=hidden freeformCameraCompatMode=inactive}} 
isImmersive=false mTopActivityRequestOrientation=-2 mBehindAppLockPkg=null mOriginatingUid=0 isEmbedded=false 
shouldBeVisible=false isCreatedByOrganizer=false mIsCastMode=false mTopActivityMediaSize=null 
mTopActivityRecordName=null mTopActivityOrientation=-2}, pipTask = null, remoteTransition = null, displayChange = 
null, flags = 0, debugId = 14298 } isSoScActive:false triggerTask:TaskInfo{userId=0 taskId=2037 displayId=0 
isRunning=false baseIntent=Intent { flg=0x10000000 
cmp=com.tarumi.reader.debug/org.koitharu.kotatsu.main.ui.MainActivity } baseActivity=null topActivity=null 
origActivity=null realActivity=ComponentInfo{com.tarumi.reader.debug/org.koitharu.kotatsu.main.ui.MainActivity} 
numActivities=0 lastActiveTime=1261700062 supportsSplitScreenMultiWindow=true mSoScDisplayMode=-1 
supportsMultiWindow=true resizeMode=1 isResizeable=true minWidth=-1 minHeight=-1 defaultMinSize=200 
token=WCT{android.window.IWindowContainerToken$Stub$Proxy@50b7c1e} topActivityType=1 pictureInPictureParams=null 
shouldDockBigOverlays=false launchIntoPipHostTaskId=-1 lastParentTaskIdBeforePip=-1 displayCutoutSafeInsets=null 
topActivityInfo=null launchCookies=[] positionInParent=Point(0, 0) parentTaskId=-1 isFocused=true isVisible=true 
isVisibleRequested=true isSleeping=false locusId=null displayAreaFeatureId=1 isTopActivityTransparent=false 
appCompatTaskInfo=AppCompatTaskInfo { topActivityInSizeCompat=false topActivityInMiuiSizeCompat=false 
topActivityEligibleForLetterboxEducation= falseisLetterboxEducationEnabled= false isLetterboxDoubleTapEnabled= false 
topActivityEligibleForUserAspectRatioButton= false topActivityBoundsLetterboxed= false isFromLetterboxDoubleTap= false 
topActivityLetterboxVerticalPosition= -1 topActivityLetterboxHorizontalPosition= -1 topActivityLetterboxWidth=-1 
topActivityLetterboxHeight=-1 isUserFullscreenOverrideEnabled=false isSystemFullscreenOverrideEnabled=false 
cameraCompatTaskInfo=CameraCompatTaskInfo { cameraCompatControlState=hidden freeformCameraCompatMode=inactive}} 
isImmersive=false mTopActivityRequestOrientation=-2 mBehindAppLockPkg=null mOriginatingUid=0 isEmbedded=false 
shouldBeVisible=false isCreatedByOrganizer=false mIsCastMode=false mTopActivityMediaSize=null 
mTopActivityRecordName=null mTopActivityOrientation=-2}
06-17 14:25:59.448  4757  4757 D KeyguardEditorHelper: onTopActivityMayChanged, 
topActivity=ComponentInfo{com.tarumi.reader.debug/org.acra.dialog.CrashReportDialog}; mState=IDEL
06-17 14:25:59.480  2601  5824 D WindowManager: Collecting in transition 14298: ActivityRecord{c07b57b u0 
com.tarumi.reader.debug/org.acra.dialog.CrashReportDialog init visibleRequested:false
06-17 14:25:59.480  2601  5824 D MiuiFreeformServiceImpl: addLaunchFreeformActivityOptionIfNeed adjust 
sourceFreeFormActivity from caller: ProcessRecord{620ff25 17101:com.tarumi.reader.debug/u0a1058} 
sourceFreeFormActivity: null
06-17 14:25:59.481  2601  5824 D WindowManager: setLockTaskAuth: task=Task{1e2c94a #2036 type=standard 
A=11058:com.tarumi.reader.debug} mLockTaskAuth=LOCK_TASK_AUTH_PINNABLE
06-17 14:25:59.482  2601  5824 D MiuiFreeFormManagerService: onStartActivityInner as = Task{1e2c94a #2036 
type=standard A=11058:com.tarumi.reader.debug} op = null
06-17 14:25:59.482  2601  5824 I ActivityTaskManager: START u0 {flg=0x10000000 
cmp=com.tarumi.reader.debug/org.acra.dialog.CrashReportDialog (has extras)} with LAUNCH_SINGLE_INSTANCE from uid 11058 
from pid 17101 callingPackage com.tarumi.reader.debug (BAL_ALLOW_VISIBLE_WINDOW) result code=3
06-17 14:25:59.483  4605  4719 I DynamicDDSService: handleMessage(ACTIVITY_INVOKE{appInfo=com.tarumi.reader.debug 
isFullScreen=}true)
06-17 14:25:59.489  4757  4945 D WindowManagerShell: onActivityRestartAttempt: 
ComponentInfo{com.tarumi.reader.debug/org.acra.dialog.CrashReportDialog}
06-17 14:25:59.662  2601  5824 I ActivityManager: Process com.tarumi.reader.debug (pid 17101) has died: fg  TOP 
06-17 14:25:59.664  2601  2657 I WindowManager: WIN DEATH: Window{7ab61a8 u0 
com.tarumi.reader.debug/org.koitharu.kotatsu.main.ui.MainActivity}
06-17 14:25:59.664  2601  2657 W InputManager-JNI: Input channel object '7ab61a8 
com.tarumi.reader.debug/org.koitharu.kotatsu.main.ui.MainActivity (client)' was disposed without first being removed 
with the input manager!
06-17 14:25:59.665  2601  8773 I ImeTracker: com.tarumi.reader.debug:de7ddafb: onRequestHide at ORIGIN_SERVER reason 
HIDE_REMOVE_CLIENT fromUser false
06-17 14:25:59.666  2601  8773 I ImeTracker: com.tarumi.reader.debug:de7ddafb: onCancelled at PHASE_SERVER_SHOULD_HIDE
06-17 14:25:59.684  2601  5824 I ActivityManager: note: ProcessRecord{620ff25 17101:com.tarumi.reader.debug/u0a1058} 
died, saving the exit info
06-17 14:25:59.685  2601  2797 I ActivityManager: Update process exit info for com.tarumi.reader.debug(17101/u11058)
06-17 14:25:59.687  2601  5824 D WindowManager: Collecting in transition 14298: Task{40b2d9 #2037 type=standard 
A=11058:com.tarumi.reader.debug} init visibleRequested:false
06-17 14:25:59.689  2601  5824 D WindowManager: Collecting in transition 14298: ActivityRecord{aad8023 u0 
com.tarumi.reader.debug/org.koitharu.kotatsu.main.ui.MainActivity t2037 f}} init visibleRequested:false
06-17 14:25:59.690  1444  1444 E vendor.qti.hardware.perf-hal-service: ExtendedPerfBoost: 
extended_perfboost_verification() 738: Ok, set boost params. hintid=4226 hinttype=1 prio=2, clientpid=2601 
packagename=com.tarumi.reader.debug params=boost:1 cpu0:1804800 cpu4:2496000 cpu7:2592000 cpumask:ff
06-17 14:25:59.694  2601  5824 D WindowManager: Collecting in transition 14298: ActivityRecord{7ce4aec u0 
com.tarumi.reader.debug/org.acra.dialog.CrashReportDialog t2036} init visibleRequested:false
06-17 14:25:59.695  2601  5824 I ActivityTaskManager: Add Task{40b2d9 #2037 type=standard 
A=11058:com.tarumi.reader.debug} to hidden list because adding Task{1e2c94a #2036 type=standard 
A=11058:com.tarumi.reader.debug}
06-17 14:25:59.695  2601  5824 D MiuiEmbeddingWindow: isOpaqueActivity: ActivityRecord{7ce4aec u0 
com.tarumi.reader.debug/org.acra.dialog.CrashReportDialog t2036} is not embeddedfalse false
06-17 14:25:59.695  2601  5824 D MiuiEmbeddingWindow: isOpaqueActivity: ActivityRecord{7ce4aec u0 
com.tarumi.reader.debug/org.acra.dialog.CrashReportDialog t2036} is not embeddedfalse false
06-17 14:25:59.695  2601  5824 D MiuiEmbeddingWindow: isOpaqueActivity: ActivityRecord{7ce4aec u0 
com.tarumi.reader.debug/org.acra.dialog.CrashReportDialog t2036} is not embeddedfalse false
06-17 14:25:59.696  2601  5824 D MiuiEmbeddingWindow: isOpaqueActivity: ActivityRecord{7ce4aec u0 
com.tarumi.reader.debug/org.acra.dialog.CrashReportDialog t2036} is not embeddedfalse false
06-17 14:25:59.696  2601  5824 D MiuiEmbeddingWindow: isOpaqueActivity: ActivityRecord{7ce4aec u0 
com.tarumi.reader.debug/org.acra.dialog.CrashReportDialog t2036} is not embeddedfalse false
06-17 14:25:59.696  2601  5824 D MiuiEmbeddingWindow: isOpaqueActivity: ActivityRecord{7ce4aec u0 
com.tarumi.reader.debug/org.acra.dialog.CrashReportDialog t2036} is not embeddedfalse false
06-17 14:25:59.696  2601  5824 D MiuiEmbeddingWindow: isOpaqueActivity: ActivityRecord{7ce4aec u0 
com.tarumi.reader.debug/org.acra.dialog.CrashReportDialog t2036} is not embeddedfalse false
06-17 14:25:59.696  2601  5824 D MiuiEmbeddingWindow: isOpaqueActivity: ActivityRecord{7ce4aec u0 
com.tarumi.reader.debug/org.acra.dialog.CrashReportDialog t2036} is not embeddedfalse false
06-17 14:25:59.696  2601  5824 D MiuiEmbeddingWindow: isOpaqueActivity: ActivityRecord{7ce4aec u0 
com.tarumi.reader.debug/org.acra.dialog.CrashReportDialog t2036} is not embeddedfalse false
06-17 14:25:59.696  2601  5824 D MiuiEmbeddingWindow: isOpaqueActivity: ActivityRecord{7ce4aec u0 
com.tarumi.reader.debug/org.acra.dialog.CrashReportDialog t2036} is not embeddedfalse false
06-17 14:25:59.696  2601  5824 D MiuiEmbeddingWindow: isOpaqueActivity: ActivityRecord{7ce4aec u0 
com.tarumi.reader.debug/org.acra.dialog.CrashReportDialog t2036} is not embeddedfalse false
06-17 14:25:59.696  2601  5824 D MiuiEmbeddingWindow: isOpaqueActivity: ActivityRecord{7ce4aec u0 
com.tarumi.reader.debug/org.acra.dialog.CrashReportDialog t2036} is not embeddedfalse false
06-17 14:25:59.696  2601  5824 D MiuiEmbeddingWindow: isOpaqueActivity: ActivityRecord{7ce4aec u0 
com.tarumi.reader.debug/org.acra.dialog.CrashReportDialog t2036} is not embeddedfalse false
06-17 14:25:59.696  2601  5824 D MiuiEmbeddingWindow: isOpaqueActivity: ActivityRecord{7ce4aec u0 
com.tarumi.reader.debug/org.acra.dialog.CrashReportDialog t2036} is not embeddedfalse false
06-17 14:25:59.696  2601  5824 D MiuiEmbeddingWindow: isOpaqueActivity: ActivityRecord{7ce4aec u0 
com.tarumi.reader.debug/org.acra.dialog.CrashReportDialog t2036} is not embeddedfalse false
06-17 14:25:59.696  2601  5824 D MiuiEmbeddingWindow: isOpaqueActivity: ActivityRecord{7ce4aec u0 
com.tarumi.reader.debug/org.acra.dialog.CrashReportDialog t2036} is not embeddedfalse false
06-17 14:25:59.696  2601  5824 D MiuiEmbeddingWindow: isOpaqueActivity: ActivityRecord{7ce4aec u0 
com.tarumi.reader.debug/org.acra.dialog.CrashReportDialog t2036} is not embeddedfalse false
06-17 14:25:59.696  2601  5824 D MiuiEmbeddingWindow: isOpaqueActivity: ActivityRecord{7ce4aec u0 
com.tarumi.reader.debug/org.acra.dialog.CrashReportDialog t2036} is not embeddedfalse false
06-17 14:25:59.696  2601  5824 D MiuiEmbeddingWindow: isOpaqueActivity: ActivityRecord{7ce4aec u0 
com.tarumi.reader.debug/org.acra.dialog.CrashReportDialog t2036} is not embeddedfalse false
06-17 14:25:59.697  2601  5824 D MiuiEmbeddingWindow: isOpaqueActivity: ActivityRecord{7ce4aec u0 
com.tarumi.reader.debug/org.acra.dialog.CrashReportDialog t2036} is not embeddedfalse false
06-17 14:25:59.697  2601  5824 D MiuiEmbeddingWindow: isOpaqueActivity: ActivityRecord{7ce4aec u0 
com.tarumi.reader.debug/org.acra.dialog.CrashReportDialog t2036} is not embeddedfalse false
06-17 14:25:59.697  2601  5824 D MiuiEmbeddingWindow: isOpaqueActivity: ActivityRecord{7ce4aec u0 
com.tarumi.reader.debug/org.acra.dialog.CrashReportDialog t2036} is not embeddedfalse false
06-17 14:25:59.697  2601  5824 D MiuiEmbeddingWindow: isOpaqueActivity: ActivityRecord{7ce4aec u0 
com.tarumi.reader.debug/org.acra.dialog.CrashReportDialog t2036} is not embeddedfalse false
06-17 14:25:59.698  2601  5824 D MiuiEmbeddingWindow: isOpaqueActivity: ActivityRecord{7ce4aec u0 
com.tarumi.reader.debug/org.acra.dialog.CrashReportDialog t2036} is not embeddedfalse false
06-17 14:25:59.698  2601  5824 D MiuiEmbeddingWindow: isOpaqueActivity: ActivityRecord{7ce4aec u0 
com.tarumi.reader.debug/org.acra.dialog.CrashReportDialog t2036} is not embeddedfalse false
06-17 14:25:59.698  2601  5824 D MiuiEmbeddingWindow: isOpaqueActivity: ActivityRecord{7ce4aec u0 
com.tarumi.reader.debug/org.acra.dialog.CrashReportDialog t2036} is not embeddedfalse false
06-17 14:25:59.698  2601  5824 D MiuiEmbeddingWindow: isOpaqueActivity: ActivityRecord{7ce4aec u0 
com.tarumi.reader.debug/org.acra.dialog.CrashReportDialog t2036} is not embeddedfalse false
06-17 14:25:59.698  2601  5824 D MiuiEmbeddingWindow: isOpaqueActivity: ActivityRecord{7ce4aec u0 
com.tarumi.reader.debug/org.acra.dialog.CrashReportDialog t2036} is not embeddedfalse false
06-17 14:25:59.698  2601  5824 D MiuiEmbeddingWindow: isOpaqueActivity: ActivityRecord{7ce4aec u0 
com.tarumi.reader.debug/org.acra.dialog.CrashReportDialog t2036} is not embeddedfalse false
06-17 14:25:59.698  2601  5824 D MiuiEmbeddingWindow: isOpaqueActivity: ActivityRecord{7ce4aec u0 
com.tarumi.reader.debug/org.acra.dialog.CrashReportDialog t2036} is not embeddedfalse false
06-17 14:25:59.698  2601  5824 D MiuiEmbeddingWindow: isOpaqueActivity: ActivityRecord{7ce4aec u0 
com.tarumi.reader.debug/org.acra.dialog.CrashReportDialog t2036} is not embeddedfalse false
06-17 14:25:59.698  2601  5824 D MiuiEmbeddingWindow: isOpaqueActivity: ActivityRecord{7ce4aec u0 
com.tarumi.reader.debug/org.acra.dialog.CrashReportDialog t2036} is not embeddedfalse false
06-17 14:25:59.698  2601  5824 D MiuiEmbeddingWindow: isOpaqueActivity: ActivityRecord{7ce4aec u0 
com.tarumi.reader.debug/org.acra.dialog.CrashReportDialog t2036} is not embeddedfalse false
06-17 14:25:59.698  2601  5824 D MiuiEmbeddingWindow: isOpaqueActivity: ActivityRecord{7ce4aec u0 
com.tarumi.reader.debug/org.acra.dialog.CrashReportDialog t2036} is not embeddedfalse false
06-17 14:25:59.698  2601  5824 D MiuiEmbeddingWindow: isOpaqueActivity: ActivityRecord{7ce4aec u0 
com.tarumi.reader.debug/org.acra.dialog.CrashReportDialog t2036} is not embeddedfalse false
06-17 14:25:59.698  2601  5824 D MiuiEmbeddingWindow: isOpaqueActivity: ActivityRecord{7ce4aec u0 
com.tarumi.reader.debug/org.acra.dialog.CrashReportDialog t2036} is not embeddedfalse false
06-17 14:25:59.698  2601  5824 D MiuiEmbeddingWindow: isOpaqueActivity: ActivityRecord{7ce4aec u0 
com.tarumi.reader.debug/org.acra.dialog.CrashReportDialog t2036} is not embeddedfalse false
06-17 14:25:59.698  2601  5824 D MiuiEmbeddingWindow: isOpaqueActivity: ActivityRecord{7ce4aec u0 
com.tarumi.reader.debug/org.acra.dialog.CrashReportDialog t2036} is not embeddedfalse false
06-17 14:25:59.698  2601  5824 D MiuiEmbeddingWindow: isOpaqueActivity: ActivityRecord{7ce4aec u0 
com.tarumi.reader.debug/org.acra.dialog.CrashReportDialog t2036} is not embeddedfalse false
06-17 14:25:59.698  2601  5824 D MiuiEmbeddingWindow: isOpaqueActivity: ActivityRecord{7ce4aec u0 
com.tarumi.reader.debug/org.acra.dialog.CrashReportDialog t2036} is not embeddedfalse false
06-17 14:25:59.699  2601  5824 D MiuiEmbeddingWindow: isOpaqueActivity: ActivityRecord{7ce4aec u0 
com.tarumi.reader.debug/org.acra.dialog.CrashReportDialog t2036} is not embeddedfalse false
06-17 14:25:59.699  2601  5824 D MiuiEmbeddingWindow: isOpaqueActivity: ActivityRecord{7ce4aec u0 
com.tarumi.reader.debug/org.acra.dialog.CrashReportDialog t2036} is not embeddedfalse false
06-17 14:25:59.699  2601  5824 D MiuiEmbeddingWindow: isOpaqueActivity: ActivityRecord{7ce4aec u0 
com.tarumi.reader.debug/org.acra.dialog.CrashReportDialog t2036} is not embeddedfalse false
06-17 14:25:59.699  2601  5824 D MiuiEmbeddingWindow: isOpaqueActivity: ActivityRecord{7ce4aec u0 
com.tarumi.reader.debug/org.acra.dialog.CrashReportDialog t2036} is not embeddedfalse false
06-17 14:25:59.699  2601  5824 D MiuiEmbeddingWindow: isOpaqueActivity: ActivityRecord{7ce4aec u0 
com.tarumi.reader.debug/org.acra.dialog.CrashReportDialog t2036} is not embeddedfalse false
06-17 14:25:59.699  2601  5824 D MiuiEmbeddingWindow: isOpaqueActivity: ActivityRecord{7ce4aec u0 
com.tarumi.reader.debug/org.acra.dialog.CrashReportDialog t2036} is not embeddedfalse false
06-17 14:25:59.699  2601  5824 D MiuiEmbeddingWindow: isOpaqueActivity: ActivityRecord{7ce4aec u0 
com.tarumi.reader.debug/org.acra.dialog.CrashReportDialog t2036} is not embeddedfalse false
06-17 14:25:59.699  2601  5824 D MiuiEmbeddingWindow: isOpaqueActivity: ActivityRecord{7ce4aec u0 
com.tarumi.reader.debug/org.acra.dialog.CrashReportDialog t2036} is not embeddedfalse false
06-17 14:25:59.699  2601  5824 D MiuiEmbeddingWindow: isOpaqueActivity: ActivityRecord{7ce4aec u0 
com.tarumi.reader.debug/org.acra.dialog.CrashReportDialog t2036} is not embeddedfalse false
06-17 14:25:59.699  2601  5824 D MiuiEmbeddingWindow: isOpaqueActivity: ActivityRecord{7ce4aec u0 
com.tarumi.reader.debug/org.acra.dialog.CrashReportDialog t2036} is not embeddedfalse false
06-17 14:25:59.699  2601  5824 D MiuiEmbeddingWindow: isOpaqueActivity: ActivityRecord{7ce4aec u0 
com.tarumi.reader.debug/org.acra.dialog.CrashReportDialog t2036} is not embeddedfalse false
06-17 14:25:59.699  2601  5824 D MiuiEmbeddingWindow: isOpaqueActivity: ActivityRecord{7ce4aec u0 
com.tarumi.reader.debug/org.acra.dialog.CrashReportDialog t2036} is not embeddedfalse false
06-17 14:25:59.699  2601  5824 D MiuiEmbeddingWindow: isOpaqueActivity: ActivityRecord{7ce4aec u0 
com.tarumi.reader.debug/org.acra.dialog.CrashReportDialog t2036} is not embeddedfalse false
06-17 14:25:59.699  2601  5824 D MiuiEmbeddingWindow: isOpaqueActivity: ActivityRecord{7ce4aec u0 
com.tarumi.reader.debug/org.acra.dialog.CrashReportDialog t2036} is not embeddedfalse false
06-17 14:25:59.699  2601  5824 D MiuiEmbeddingWindow: isOpaqueActivity: ActivityRecord{7ce4aec u0 
com.tarumi.reader.debug/org.acra.dialog.CrashReportDialog t2036} is not embeddedfalse false
06-17 14:25:59.699  2601  5824 D MiuiEmbeddingWindow: isOpaqueActivity: ActivityRecord{7ce4aec u0 
com.tarumi.reader.debug/org.acra.dialog.CrashReportDialog t2036} is not embeddedfalse false
06-17 14:25:59.699  2601  5824 D MiuiEmbeddingWindow: isOpaqueActivity: ActivityRecord{7ce4aec u0 
com.tarumi.reader.debug/org.acra.dialog.CrashReportDialog t2036} is not embeddedfalse false
06-17 14:25:59.699  2601  5824 D MiuiEmbeddingWindow: isOpaqueActivity: ActivityRecord{7ce4aec u0 
com.tarumi.reader.debug/org.acra.dialog.CrashReportDialog t2036} is not embeddedfalse false
06-17 14:25:59.699  2601  5824 D MiuiEmbeddingWindow: isOpaqueActivity: ActivityRecord{7ce4aec u0 
com.tarumi.reader.debug/org.acra.dialog.CrashReportDialog t2036} is not embeddedfalse false
06-17 14:25:59.699  2601  5824 D MiuiEmbeddingWindow: isOpaqueActivity: ActivityRecord{7ce4aec u0 
com.tarumi.reader.debug/org.acra.dialog.CrashReportDialog t2036} is not embeddedfalse false
06-17 14:25:59.700  2601  5824 D MiuiEmbeddingWindow: isOpaqueActivity: ActivityRecord{7ce4aec u0 
com.tarumi.reader.debug/org.acra.dialog.CrashReportDialog t2036} is not embeddedfalse false
06-17 14:25:59.700  2601  5824 D MiuiEmbeddingWindow: isOpaqueActivity: ActivityRecord{7ce4aec u0 
com.tarumi.reader.debug/org.acra.dialog.CrashReportDialog t2036} is not embeddedfalse false
06-17 14:25:59.700  2601  5824 D MiuiEmbeddingWindow: isOpaqueActivity: ActivityRecord{7ce4aec u0 
com.tarumi.reader.debug/org.acra.dialog.CrashReportDialog t2036} is not embeddedfalse false
06-17 14:25:59.700  2601  5824 D MiuiEmbeddingWindow: isOpaqueActivity: ActivityRecord{7ce4aec u0 
com.tarumi.reader.debug/org.acra.dialog.CrashReportDialog t2036} is not embeddedfalse false
06-17 14:25:59.700  2601  5824 D MiuiEmbeddingWindow: isOpaqueActivity: ActivityRecord{7ce4aec u0 
com.tarumi.reader.debug/org.acra.dialog.CrashReportDialog t2036} is not embeddedfalse false
06-17 14:25:59.700  2601  5824 D MiuiEmbeddingWindow: isOpaqueActivity: ActivityRecord{7ce4aec u0 
com.tarumi.reader.debug/org.acra.dialog.CrashReportDialog t2036} is not embeddedfalse false
06-17 14:25:59.700  2601  5824 D MiuiEmbeddingWindow: isOpaqueActivity: ActivityRecord{7ce4aec u0 
com.tarumi.reader.debug/org.acra.dialog.CrashReportDialog t2036} is not embeddedfalse false
06-17 14:25:59.700  2601  5824 D MiuiEmbeddingWindow: isOpaqueActivity: ActivityRecord{7ce4aec u0 
com.tarumi.reader.debug/org.acra.dialog.CrashReportDialog t2036} is not embeddedfalse false
06-17 14:25:59.700  2601  5824 D MiuiEmbeddingWindow: isOpaqueActivity: ActivityRecord{7ce4aec u0 
com.tarumi.reader.debug/org.acra.dialog.CrashReportDialog t2036} is not embeddedfalse false
06-17 14:25:59.700  2601  5824 D MiuiEmbeddingWindow: isOpaqueActivity: ActivityRecord{7ce4aec u0 
com.tarumi.reader.debug/org.acra.dialog.CrashReportDialog t2036} is not embeddedfalse false
06-17 14:25:59.700  2601  5824 D MiuiEmbeddingWindow: isOpaqueActivity: ActivityRecord{7ce4aec u0 
com.tarumi.reader.debug/org.acra.dialog.CrashReportDialog t2036} is not embeddedfalse false
06-17 14:25:59.700  2601  5824 D MiuiEmbeddingWindow: isOpaqueActivity: ActivityRecord{7ce4aec u0 
com.tarumi.reader.debug/org.acra.dialog.CrashReportDialog t2036} is not embeddedfalse false
06-17 14:25:59.700  2601  5824 D MiuiEmbeddingWindow: isOpaqueActivity: ActivityRecord{7ce4aec u0 
com.tarumi.reader.debug/org.acra.dialog.CrashReportDialog t2036} is not embeddedfalse false
06-17 14:25:59.700  2601  5824 D MiuiEmbeddingWindow: isOpaqueActivity: ActivityRecord{7ce4aec u0 
com.tarumi.reader.debug/org.acra.dialog.CrashReportDialog t2036} is not embeddedfalse false
06-17 14:25:59.700  2601  5824 D MiuiEmbeddingWindow: isOpaqueActivity: ActivityRecord{7ce4aec u0 
com.tarumi.reader.debug/org.acra.dialog.CrashReportDialog t2036} is not embeddedfalse false
06-17 14:25:59.700  2601  5824 D MiuiEmbeddingWindow: isOpaqueActivity: ActivityRecord{7ce4aec u0 
com.tarumi.reader.debug/org.acra.dialog.CrashReportDialog t2036} is not embeddedfalse false
06-17 14:25:59.700  2601  5824 D MiuiEmbeddingWindow: isOpaqueActivity: ActivityRecord{7ce4aec u0 
com.tarumi.reader.debug/org.acra.dialog.CrashReportDialog t2036} is not embeddedfalse false
06-17 14:25:59.700  2601  5824 D MiuiEmbeddingWindow: isOpaqueActivity: ActivityRecord{7ce4aec u0 
com.tarumi.reader.debug/org.acra.dialog.CrashReportDialog t2036} is not embeddedfalse false
06-17 14:25:59.701  2601  5824 D MiuiEmbeddingWindow: isOpaqueActivity: ActivityRecord{7ce4aec u0 
com.tarumi.reader.debug/org.acra.dialog.CrashReportDialog t2036} is not embeddedfalse false
06-17 14:25:59.712  4757  4945 D MiuiFreeformModeController: onFocusTaskChanged taskInfo: TaskInfo{userId=0 
taskId=2036 displayId=0 isRunning=true baseIntent=Intent { flg=0x10800000 
cmp=com.tarumi.reader.debug/org.acra.dialog.CrashReportDialog } 
baseActivity=ComponentInfo{com.tarumi.reader.debug/org.acra.dialog.CrashReportDialog} 
topActivity=ComponentInfo{com.tarumi.reader.debug/org.acra.dialog.CrashReportDialog} origActivity=null 
realActivity=ComponentInfo{com.tarumi.reader.debug/org.acra.dialog.CrashReportDialog} numActivities=1 
lastActiveTime=1261712538 supportsSplitScreenMultiWindow=true mSoScDisplayMode=-1 supportsMultiWindow=true 
resizeMode=1 isResizeable=true minWidth=-1 minHeight=-1 defaultMinSize=200 
token=WCT{android.window.IWindowContainerToken$Stub$Proxy@2e92cff} topActivityType=1 pictureInPictureParams=null 
shouldDockBigOverlays=false launchIntoPipHostTaskId=-1 lastParentTaskIdBeforePip=-1 displayCutoutSafeInsets=Rect(0, 
111 - 0, 0) topActivityInfo=ActivityInfo{5380acc org.acra.dialog.CrashReportDialog} launchCookies=[] 
positionInParent=Point(0, 0) parentTaskId=-1 isFocused=true isVisible=false isVisibleRequested=true isSleeping=false 
locusId=null displayAreaFeatureId=1 isTopActivityTransparent=true appCompatTaskInfo=AppCompatTaskInfo { 
topActivityInSizeCompat=false topActivityInMiuiSizeCompat=false topActivityEligibleForLetterboxEducation= 
falseisLetterboxEducationEnabled= false isLetterboxDoubleTapEnabled= false 
topActivityEligibleForUserAspectRatioButton= false topActivityBoundsLetterboxed= false isFromLetterboxDoubleTap= false 
topActivityLetterboxVerticalPosition= -1 topActivityLetterboxHorizontalPosition= -1 topActivityLetterboxWidth=1080 
topActivityLetterboxHeight=2400 isUserFullscreenOverrideEnabled=false isSystemFullscreenOverrideEnabled=false 
cameraCompatTaskInfo=CameraCompatTaskInfo { cameraCompatControlState=hidden freeformCameraCompatMode=inactive}} 
isImmersive=false mTopActivityRequestOrientation=-2 mBehindAppLockPkg=null mOriginatingUid=0 isEmbedded=false 
shouldBeVisible=true isCreatedByOrganizer=false mIsCastMode=false mTopActivityMediaSize=null 
mTopActivityRecordName=ActivityRecord{7ce4aec u0 com.tarumi.reader.debug/org.acra.dialog.CrashReportDialog t2036} 
mTopActivityOrientation=-1}
06-17 14:25:59.719  2601  3894 D ProcessManager: skip notify foregroundAppInfo:ApplicationInfo{b73f957 
com.tarumi.reader.debug}
06-17 14:25:59.730  2601  8773 D WindowManager: wms.Input focus has changed to Window{28f7a09 u0 
com.tarumi.reader.debug/org.acra.dialog.CrashReportDialog} display=0 updateInputWindows = true
06-17 14:25:59.731  2601  2752 D WmSystemUiDebug: on system bar attributes changed displayId=0 appearance= 
appearanceRegions=[AppearanceRegion{LIGHT_STATUS_BARS bounds=[0,0][1080,2400]}] navbarColorManagedByIme=false 
behavior=2 requestedVisibleTypes=[statusBars navigationBars captionBar systemGestures mandatorySystemGestures 
tappableElement displayCutout windowDecor systemOverlays] packageName=com.tarumi.reader.debug letterboxDetails=[]
06-17 14:25:59.731  2601  9225 D MiuiEmbeddingWindow: isOpaqueActivity: ActivityRecord{7ce4aec u0 
com.tarumi.reader.debug/org.acra.dialog.CrashReportDialog t2036} is not embeddedfalse false
06-17 14:25:59.731  2601  9225 D MiuiEmbeddingWindow: isOpaqueActivity: ActivityRecord{7ce4aec u0 
com.tarumi.reader.debug/org.acra.dialog.CrashReportDialog t2036} is not embeddedfalse false
06-17 14:25:59.731  2601  9225 D MiuiEmbeddingWindow: isOpaqueActivity: ActivityRecord{7ce4aec u0 
com.tarumi.reader.debug/org.acra.dialog.CrashReportDialog t2036} is not embeddedfalse false
06-17 14:25:59.731  2601  5824 D MiuiEmbeddingWindow: isOpaqueActivity: ActivityRecord{7ce4aec u0 
com.tarumi.reader.debug/org.acra.dialog.CrashReportDialog t2036} is not embeddedfalse false
06-17 14:25:59.731  2601  5824 D MiuiEmbeddingWindow: isOpaqueActivity: ActivityRecord{7ce4aec u0 
com.tarumi.reader.debug/org.acra.dialog.CrashReportDialog t2036} is not embeddedfalse false
06-17 14:25:59.731  2601  5824 D MiuiEmbeddingWindow: isOpaqueActivity: ActivityRecord{7ce4aec u0 
com.tarumi.reader.debug/org.acra.dialog.CrashReportDialog t2036} is not embeddedfalse false
06-17 14:25:59.731  2601  5824 D MiuiEmbeddingWindow: isOpaqueActivity: ActivityRecord{7ce4aec u0 
com.tarumi.reader.debug/org.acra.dialog.CrashReportDialog t2036} is not embeddedfalse false
06-17 14:25:59.731  2601  5824 D MiuiEmbeddingWindow: isOpaqueActivity: ActivityRecord{7ce4aec u0 
com.tarumi.reader.debug/org.acra.dialog.CrashReportDialog t2036} is not embeddedfalse false
06-17 14:25:59.731  2601  5824 D MiuiEmbeddingWindow: isOpaqueActivity: ActivityRecord{7ce4aec u0 
com.tarumi.reader.debug/org.acra.dialog.CrashReportDialog t2036} is not embeddedfalse false
06-17 14:25:59.732  4236  5633 W RecentsModel: getRunningTask   taskInfo=TaskInfo{userId=0 taskId=2036 displayId=0 
isRunning=true baseIntent=Intent { flg=0x10800000 cmp=com.tarumi.reader.debug/org.acra.dialog.CrashReportDialog } 
baseActivity=ComponentInfo{com.tarumi.reader.debug/org.acra.dialog.CrashReportDialog} 
topActivity=ComponentInfo{com.tarumi.reader.debug/org.acra.dialog.CrashReportDialog} origActivity=null 
realActivity=ComponentInfo{com.tarumi.reader.debug/org.acra.dialog.CrashReportDialog} numActivities=1 
lastActiveTime=1261712578 supportsSplitScreenMultiWindow=true mSoScDisplayMode=-1 supportsMultiWindow=true 
resizeMode=1 isResizeable=true minWidth=-1 minHeight=-1 defaultMinSize=200 
token=WCT{android.window.IWindowContainerToken$Stub$Proxy@adc3ce4} topActivityType=1 pictureInPictureParams=null 
shouldDockBigOverlays=false launchIntoPipHostTaskId=-1 lastParentTaskIdBeforePip=-1 displayCutoutSafeInsets=Rect(0, 
111 - 0, 0) topActivityInfo=ActivityInfo{6ab954d org.acra.dialog.CrashReportDialog} launchCookies=[] 
positionInParent=Point(0, 0) parentTaskId=-1 isFocused=true isVisible=false isVisibleRequested=true isSleeping=false 
locusId=null displayAreaFeatureId=1 isTopActivityTransparent=true appCompatTaskInfo=AppCompatTaskInfo { 
topActivityInSizeCompat=false topActivityInMiuiSizeCompat=false topActivityEligibleForLetterboxEducation= 
falseisLetterboxEducationEnabled= false isLetterboxDoubleTapEnabled= false 
topActivityEligibleForUserAspectRatioButton= false topActivityBoundsLetterboxed= false isFromLetterboxDoubleTap= false 
topActivityLetterboxVerticalPosition= -1 topActivityLetterboxHorizontalPosition= -1 topActivityLetterboxWidth=1080 
topActivityLetterboxHeight=2400 isUserFullscreenOverrideEnabled=false isSystemFullscreenOverrideEnabled=false 
cameraCompatTaskInfo=CameraCompatTaskInfo { cameraCompatControlState=hidden freeformCameraCompatMode=inactive}} 
isImmersive=false mTopActivityRequestOrientation=-2 mBehindAppLockPkg=null mOriginatingUid=0 isEmbedded=false 
shouldBeVisible=true isCreatedByOrganizer=false mIsCastMode=false mTopActivityMediaSize=null 
mTopActivityRecordName=ActivityRecord{7ce4aec u0 com.tarumi.reader.debug/org.acra.dialog.CrashReportDialog t2036} 
mTopActivityOrientation=-1}
06-17 14:25:59.746  2601  5824 D MiuiEmbeddingWindow: isOpaqueActivity: ActivityRecord{7ce4aec u0 
com.tarumi.reader.debug/org.acra.dialog.CrashReportDialog t2036} is not embeddedfalse false
06-17 14:25:59.746  2601  5824 D MiuiEmbeddingWindow: isOpaqueActivity: ActivityRecord{7ce4aec u0 
com.tarumi.reader.debug/org.acra.dialog.CrashReportDialog t2036} is not embeddedfalse false
06-17 14:25:59.746  2601  5824 D MiuiEmbeddingWindow: isOpaqueActivity: ActivityRecord{7ce4aec u0 
com.tarumi.reader.debug/org.acra.dialog.CrashReportDialog t2036} is not embeddedfalse false
06-17 14:25:59.746  2601  5824 D MiuiEmbeddingWindow: isOpaqueActivity: ActivityRecord{7ce4aec u0 
com.tarumi.reader.debug/org.acra.dialog.CrashReportDialog t2036} is not embeddedfalse false
06-17 14:25:59.748  4236  5633 E ActivityManagerWrapper:  mainTaskId=2036   userId=0   windowMode=1   
isExcludedFromRecents=true   baseIntent=Intent { act=null flag=276824064 
cmp=ComponentInfo{com.tarumi.reader.debug/org.acra.dialog.CrashReportDialog} }
06-17 14:25:59.749  2601  2657 D WindowManager: wms.finishDrawingLocked: mDrawState=COMMIT_DRAW_PENDING Window{28f7a09 
u0 com.tarumi.reader.debug/org.acra.dialog.CrashReportDialog} in 
Surface(name=com.tarumi.reader.debug/org.acra.dialog.CrashReportDialog#232634)/@0x621cf62
06-17 14:25:59.753  2601  8773 D MiuiEmbeddingWindow: isOpaqueActivity: ActivityRecord{7ce4aec u0 
com.tarumi.reader.debug/org.acra.dialog.CrashReportDialog t2036} is not embeddedfalse false
06-17 14:25:59.753  2601  8773 D MiuiEmbeddingWindow: isOpaqueActivity: ActivityRecord{7ce4aec u0 
com.tarumi.reader.debug/org.acra.dialog.CrashReportDialog t2036} is not embeddedfalse false
06-17 14:25:59.753  2601  8773 D MiuiEmbeddingWindow: isOpaqueActivity: ActivityRecord{7ce4aec u0 
com.tarumi.reader.debug/org.acra.dialog.CrashReportDialog t2036} is not embeddedfalse false
06-17 14:25:59.754  4236  5633 W RecentsModel: getRunningTask   taskInfo=TaskInfo{userId=0 taskId=2036 displayId=0 
isRunning=true baseIntent=Intent { flg=0x10800000 cmp=com.tarumi.reader.debug/org.acra.dialog.CrashReportDialog } 
baseActivity=ComponentInfo{com.tarumi.reader.debug/org.acra.dialog.CrashReportDialog} 
topActivity=ComponentInfo{com.tarumi.reader.debug/org.acra.dialog.CrashReportDialog} origActivity=null 
realActivity=ComponentInfo{com.tarumi.reader.debug/org.acra.dialog.CrashReportDialog} numActivities=1 
lastActiveTime=1261712601 supportsSplitScreenMultiWindow=true mSoScDisplayMode=-1 supportsMultiWindow=true 
resizeMode=1 isResizeable=true minWidth=-1 minHeight=-1 defaultMinSize=200 
token=WCT{android.window.IWindowContainerToken$Stub$Proxy@cc6a513} topActivityType=1 pictureInPictureParams=null 
shouldDockBigOverlays=false launchIntoPipHostTaskId=-1 lastParentTaskIdBeforePip=-1 displayCutoutSafeInsets=Rect(0, 
111 - 0, 0) topActivityInfo=ActivityInfo{6924350 org.acra.dialog.CrashReportDialog} launchCookies=[] 
positionInParent=Point(0, 0) parentTaskId=-1 isFocused=true isVisible=false isVisibleRequested=true isSleeping=false 
locusId=null displayAreaFeatureId=1 isTopActivityTransparent=true appCompatTaskInfo=AppCompatTaskInfo { 
topActivityInSizeCompat=false topActivityInMiuiSizeCompat=false topActivityEligibleForLetterboxEducation= 
falseisLetterboxEducationEnabled= false isLetterboxDoubleTapEnabled= false 
topActivityEligibleForUserAspectRatioButton= false topActivityBoundsLetterboxed= false isFromLetterboxDoubleTap= false 
topActivityLetterboxVerticalPosition= -1 topActivityLetterboxHorizontalPosition= -1 topActivityLetterboxWidth=1080 
topActivityLetterboxHeight=2400 isUserFullscreenOverrideEnabled=false isSystemFullscreenOverrideEnabled=false 
cameraCompatTaskInfo=CameraCompatTaskInfo { cameraCompatControlState=hidden freeformCameraCompatMode=inactive}} 
isImmersive=false mTopActivityRequestOrientation=-2 mBehindAppLockPkg=null mOriginatingUid=0 isEmbedded=false 
shouldBeVisible=true isCreatedByOrganizer=false mIsCastMode=false mTopActivityMediaSize=null 
mTopActivityRecordName=ActivityRecord{7ce4aec u0 com.tarumi.reader.debug/org.acra.dialog.CrashReportDialog t2036} 
mTopActivityOrientation=-1}
06-17 14:25:59.764  2601  2657 D MiuiEmbeddingWindow: isOpaqueActivity: ActivityRecord{7ce4aec u0 
com.tarumi.reader.debug/org.acra.dialog.CrashReportDialog t2036} is not embeddedfalse false
06-17 14:25:59.764  2601  2657 D MiuiEmbeddingWindow: isOpaqueActivity: ActivityRecord{7ce4aec u0 
com.tarumi.reader.debug/org.acra.dialog.CrashReportDialog t2036} is not embeddedfalse false
06-17 14:25:59.764  2601  2657 D MiuiEmbeddingWindow: isOpaqueActivity: ActivityRecord{7ce4aec u0 
com.tarumi.reader.debug/org.acra.dialog.CrashReportDialog t2036} is not embeddedfalse false
06-17 14:25:59.764  2601  2657 D MiuiEmbeddingWindow: isOpaqueActivity: ActivityRecord{7ce4aec u0 
com.tarumi.reader.debug/org.acra.dialog.CrashReportDialog t2036} is not embeddedfalse false
06-17 14:25:59.766  4236  5633 E ActivityManagerWrapper:  mainTaskId=2036   userId=0   windowMode=1   
isExcludedFromRecents=true   baseIntent=Intent { act=null flag=276824064 
cmp=ComponentInfo{com.tarumi.reader.debug/org.acra.dialog.CrashReportDialog} }
06-17 14:25:59.767  2601  2797 I ActivityManager: Update process exit info for com.tarumi.reader.debug(17624/u99107)
06-17 14:25:59.775  4236  5633 D RecentsTaskLoader: reloadTasksData [TaskKey{id=2036, stackId=0, baseIntent=Intent { 
flg=0x10800000 cmp=com.tarumi.reader.debug/org.acra.dialog.CrashReportDialog }, userId=0, lastActiveTime=1261712538, 
windowingMode=1, isThumbnailBlur=false, isAccessLocked=false, isScreening=false, 
topActivity=ComponentInfo{com.tarumi.reader.debug/org.acra.dialog.CrashReportDialog}, mHashCode=61578028}, 
title=Tarumi, titleDescription=Tarumi, bounds=null, isLaunchTarget=true, isStackTask=true, isSystemApp=false, 
isDockable=true, baseActivity=ComponentInfo{com.tarumi.reader.debug/org.acra.dialog.CrashReportDialog}, 
isLocked=false, mNeedHide=false, hasMultipleTasks=false, cti1Key=, cti2Key=, cti1Task=, cti2Task=] 
06-17 14:25:59.778  4236  5633 D RecentsTaskLoader: reloadTasksData [TaskKey{id=2036, stackId=0, baseIntent=Intent { 
flg=0x10800000 cmp=com.tarumi.reader.debug/org.acra.dialog.CrashReportDialog }, userId=0, lastActiveTime=1261712538, 
windowingMode=1, isThumbnailBlur=false, isAccessLocked=false, isScreening=false, 
topActivity=ComponentInfo{com.tarumi.reader.debug/org.acra.dialog.CrashReportDialog}, mHashCode=61578028}, 
title=Tarumi, titleDescription=Tarumi, bounds=null, isLaunchTarget=true, isStackTask=true, isSystemApp=false, 
isDockable=true, baseActivity=ComponentInfo{com.tarumi.reader.debug/org.acra.dialog.CrashReportDialog}, 
isLocked=false, mNeedHide=false, hasMultipleTasks=false, cti1Key=, cti2Key=, cti1Task=, cti2Task=] 
06-17 14:25:59.795  2601  5607 D WindowManager: wms.finishDrawingLocked: mDrawState=COMMIT_DRAW_PENDING Window{8b00b72 
u0 com.tarumi.reader.debug/org.acra.dialog.CrashReportDialog} in 
Surface(name=com.tarumi.reader.debug/org.acra.dialog.CrashReportDialog#232638)/@0x72f790c
06-17 14:25:59.810  2601  2755 I SmartPower: com.tarumi.reader.debug:acra/11058(6240): invisible->visible(11934ms) 
R(become visible) adj=0.
06-17 14:25:59.811  2601  2755 I WindowManager: wms.showSurfaceRobustly mWin:Window{28f7a09 u0 
com.tarumi.reader.debug/org.acra.dialog.CrashReportDialog}
06-17 14:25:59.811  2601  2755 I WindowManager: wms.showSurfaceRobustly mWin:Window{8b00b72 u0 
com.tarumi.reader.debug/org.acra.dialog.CrashReportDialog}
06-17 14:25:59.811  2601  2755 D WindowManager: Final targets: [Task{1e2c94a #2036 type=standard 
A=11058:com.tarumi.reader.debug}, Task{40b2d9 #2037 type=standard A=11058:com.tarumi.reader.debug}, Task{a395c31 #1 
type=home}]
06-17 14:25:59.816  2601  2755 I DynamicIslandService: elementSurfaceTransition is null for:com.tarumi.reader.debug
06-17 14:25:59.816  2601  2755 D MiuiEmbeddingWindow: isOpaqueActivity: ActivityRecord{7ce4aec u0 
com.tarumi.reader.debug/org.acra.dialog.CrashReportDialog t2036} is not embeddedfalse false
06-17 14:25:59.817  2601  2755 D MiuiEmbeddingWindow: isOpaqueActivity: ActivityRecord{7ce4aec u0 
com.tarumi.reader.debug/org.acra.dialog.CrashReportDialog t2036} is not embeddedfalse false
06-17 14:25:59.817  2601  2755 I Transition: set flag to skip the keyguard Animation, ar=ActivityRecord{7ce4aec u0 
com.tarumi.reader.debug/org.acra.dialog.CrashReportDialog t2036}
06-17 14:25:59.818  2601  2755 D WindowManager: Calling onTransitionReady info={id=14298 t=CLOSE f=0x4010000 trk=0 
opt={t=FROM_STYLE} r=[0@Point(0, 0)] c=[{WCT{RemoteToken{22872a5 Task{1e2c94a #2036 type=standard 
A=11058:com.tarumi.reader.debug}}} m=TO_FRONT f=TRANSLUCENT leash=Surface(name=Task=2036#232592)/@0xc31feb5 sb=Rect(0, 
0 - 1080, 2400) eb=Rect(0, 0 - 1080, 2400) d=0 taskParent=-1 v=true},{WCT{RemoteToken{d529cfc Task{40b2d9 #2037 
type=standard A=11058:com.tarumi.reader.debug}}} m=CLOSE f=NONE leash=Surface(name=Task=2037#232612)/@0x6fc6920 
sb=Rect(0, 0 - 1080, 2400) eb=Rect(0, 0 - 1080, 2400) d=0 taskParent=-1 v=false},{WCT{RemoteToken{3aa6697 Task{a395c31 
#1 type=home}}} m=TO_FRONT f=SHOW_WALLPAPER leash=Surface(name=Task=1#47)/@0xa2300d8 sb=Rect(0, 0 - 1080, 2400) 
eb=Rect(0, 0 - 1080, 2400) d=0 taskParent=-1 v=true}] mk=[true] noAni=[false] df=[false] rsa=[false] oa=[false] nc=[0] 
sa=[false] ho=[false] iSync=[-1]}, mToken=Token{1093d3c TransitionRecord{f3f0575 id=14298 type=CLOSE flags=0x0}}
06-17 14:25:59.822  2601  2755 E WindowManager:  source = Task{40b2d9 #2037 type=standard 
A=11058:com.tarumi.reader.debug} excludeMiuiNavBar = true excludeMiuiStatusBar = true excludeIme = false excludeNavBar 
= true miuiNavSurfaceControl = Surface(name=Miui Fake NavBar#51)/@0xa1c9651 miuiStatusSurfaceControl = 
Surface(name=Miui Fake StatusBar#50)/@0x81628db
06-17 14:25:59.827  2601  2755 D WindowManager: snapshot isNothing = false source = Task{40b2d9 #2037 type=standard 
A=11058:com.tarumi.reader.debug}
06-17 14:25:59.829  2601  2755 D MiuiEmbeddingWindow: isOpaqueActivity: ActivityRecord{7ce4aec u0 
com.tarumi.reader.debug/org.acra.dialog.CrashReportDialog t2036} is not embeddedfalse false
06-17 14:25:59.831  4757  4945 D MiuiFreeformModeController: onFocusTaskChanged taskInfo: TaskInfo{userId=0 
taskId=2036 displayId=0 isRunning=true baseIntent=Intent { flg=0x10800000 
cmp=com.tarumi.reader.debug/org.acra.dialog.CrashReportDialog } 
baseActivity=ComponentInfo{com.tarumi.reader.debug/org.acra.dialog.CrashReportDialog} 
topActivity=ComponentInfo{com.tarumi.reader.debug/org.acra.dialog.CrashReportDialog} origActivity=null 
realActivity=ComponentInfo{com.tarumi.reader.debug/org.acra.dialog.CrashReportDialog} numActivities=1 
lastActiveTime=1261712538 supportsSplitScreenMultiWindow=true mSoScDisplayMode=-1 supportsMultiWindow=true 
resizeMode=1 isResizeable=true minWidth=-1 minHeight=-1 defaultMinSize=200 
token=WCT{android.window.IWindowContainerToken$Stub$Proxy@1af4985} topActivityType=1 pictureInPictureParams=null 
shouldDockBigOverlays=false launchIntoPipHostTaskId=-1 lastParentTaskIdBeforePip=-1 displayCutoutSafeInsets=Rect(0, 
111 - 0, 0) topActivityInfo=ActivityInfo{1e703da org.acra.dialog.CrashReportDialog} launchCookies=[] 
positionInParent=Point(0, 0) parentTaskId=-1 isFocused=true isVisible=true isVisibleRequested=true isSleeping=false 
locusId=null displayAreaFeatureId=1 isTopActivityTransparent=true appCompatTaskInfo=AppCompatTaskInfo { 
topActivityInSizeCompat=false topActivityInMiuiSizeCompat=false topActivityEligibleForLetterboxEducation= 
falseisLetterboxEducationEnabled= false isLetterboxDoubleTapEnabled= false 
topActivityEligibleForUserAspectRatioButton= false topActivityBoundsLetterboxed= false isFromLetterboxDoubleTap= false 
topActivityLetterboxVerticalPosition= -1 topActivityLetterboxHorizontalPosition= -1 topActivityLetterboxWidth=1080 
topActivityLetterboxHeight=2400 isUserFullscreenOverrideEnabled=false isSystemFullscreenOverrideEnabled=false 
cameraCompatTaskInfo=CameraCompatTaskInfo { cameraCompatControlState=hidden freeformCameraCompatMode=inactive}} 
isImmersive=false mTopActivityRequestOrientation=-2 mBehindAppLockPkg=null mOriginatingUid=0 isEmbedded=false 
shouldBeVisible=true isCreatedByOrganizer=false mIsCastMode=false mTopActivityMediaSize=null 
mTopActivityRecordName=ActivityRecord{7ce4aec u0 com.tarumi.reader.debug/org.acra.dialog.CrashReportDialog t2036} 
mTopActivityOrientation=-1}
06-17 14:25:59.832  2601  4914 D MiuiEmbeddingWindow: isOpaqueActivity: ActivityRecord{7ce4aec u0 
com.tarumi.reader.debug/org.acra.dialog.CrashReportDialog t2036} is not embeddedfalse false
06-17 14:25:59.832  2601  4914 D MiuiEmbeddingWindow: isOpaqueActivity: ActivityRecord{7ce4aec u0 
com.tarumi.reader.debug/org.acra.dialog.CrashReportDialog t2036} is not embeddedfalse false
06-17 14:25:59.832  2601  4914 D MiuiEmbeddingWindow: isOpaqueActivity: ActivityRecord{7ce4aec u0 
com.tarumi.reader.debug/org.acra.dialog.CrashReportDialog t2036} is not embeddedfalse false
06-17 14:25:59.833  2601  2755 D MiuiEmbeddingWindow: isOpaqueActivity: ActivityRecord{7ce4aec u0 
com.tarumi.reader.debug/org.acra.dialog.CrashReportDialog t2036} is not embeddedfalse false
06-17 14:25:59.833  2601  2755 D MiuiEmbeddingWindow: isOpaqueActivity: ActivityRecord{7ce4aec u0 
com.tarumi.reader.debug/org.acra.dialog.CrashReportDialog t2036} is not embeddedfalse false
06-17 14:25:59.833  4236  5633 W RecentsModel: getRunningTask   taskInfo=TaskInfo{userId=0 taskId=2036 displayId=0 
isRunning=true baseIntent=Intent { flg=0x10800000 cmp=com.tarumi.reader.debug/org.acra.dialog.CrashReportDialog } 
baseActivity=ComponentInfo{com.tarumi.reader.debug/org.acra.dialog.CrashReportDialog} 
topActivity=ComponentInfo{com.tarumi.reader.debug/org.acra.dialog.CrashReportDialog} origActivity=null 
realActivity=ComponentInfo{com.tarumi.reader.debug/org.acra.dialog.CrashReportDialog} numActivities=1 
lastActiveTime=1261712680 supportsSplitScreenMultiWindow=true mSoScDisplayMode=-1 supportsMultiWindow=true 
resizeMode=1 isResizeable=true minWidth=-1 minHeight=-1 defaultMinSize=200 
token=WCT{android.window.IWindowContainerToken$Stub$Proxy@14a5b2} topActivityType=1 pictureInPictureParams=null 
shouldDockBigOverlays=false launchIntoPipHostTaskId=-1 lastParentTaskIdBeforePip=-1 displayCutoutSafeInsets=Rect(0, 
111 - 0, 0) topActivityInfo=ActivityInfo{cf2f903 org.acra.dialog.CrashReportDialog} launchCookies=[] 
positionInParent=Point(0, 0) parentTaskId=-1 isFocused=true isVisible=true isVisibleRequested=true isSleeping=false 
locusId=null displayAreaFeatureId=1 isTopActivityTransparent=true appCompatTaskInfo=AppCompatTaskInfo { 
topActivityInSizeCompat=false topActivityInMiuiSizeCompat=false topActivityEligibleForLetterboxEducation= 
falseisLetterboxEducationEnabled= false isLetterboxDoubleTapEnabled= false 
topActivityEligibleForUserAspectRatioButton= false topActivityBoundsLetterboxed= false isFromLetterboxDoubleTap= false 
topActivityLetterboxVerticalPosition= -1 topActivityLetterboxHorizontalPosition= -1 topActivityLetterboxWidth=1080 
topActivityLetterboxHeight=2400 isUserFullscreenOverrideEnabled=false isSystemFullscreenOverrideEnabled=false 
cameraCompatTaskInfo=CameraCompatTaskInfo { cameraCompatControlState=hidden freeformCameraCompatMode=inactive}} 
isImmersive=false mTopActivityRequestOrientation=-2 mBehindAppLockPkg=null mOriginatingUid=0 isEmbedded=false 
shouldBeVisible=true isCreatedByOrganizer=false mIsCastMode=false mTopActivityMediaSize=null 
mTopActivityRecordName=ActivityRecord{7ce4aec u0 com.tarumi.reader.debug/org.acra.dialog.CrashReportDialog t2036} 
mTopActivityOrientation=-1}
06-17 14:25:59.836  2601  2755 D MiuiEmbeddingWindow: isOpaqueActivity: ActivityRecord{7ce4aec u0 
com.tarumi.reader.debug/org.acra.dialog.CrashReportDialog t2036} is not embeddedfalse false
06-17 14:25:59.836  2601  2755 D MiuiEmbeddingWindow: isOpaqueActivity: ActivityRecord{7ce4aec u0 
com.tarumi.reader.debug/org.acra.dialog.CrashReportDialog t2036} is not embeddedfalse false
06-17 14:25:59.836  2601  2755 D MiuiEmbeddingWindow: isOpaqueActivity: ActivityRecord{7ce4aec u0 
com.tarumi.reader.debug/org.acra.dialog.CrashReportDialog t2036} is not embeddedfalse false
06-17 14:25:59.836  2601  2755 D MiuiEmbeddingWindow: isOpaqueActivity: ActivityRecord{7ce4aec u0 
com.tarumi.reader.debug/org.acra.dialog.CrashReportDialog t2036} is not embeddedfalse false
06-17 14:25:59.838  2601  4914 D MiuiEmbeddingWindow: isOpaqueActivity: ActivityRecord{7ce4aec u0 
com.tarumi.reader.debug/org.acra.dialog.CrashReportDialog t2036} is not embeddedfalse false
06-17 14:25:59.838  2601  4914 D MiuiEmbeddingWindow: isOpaqueActivity: ActivityRecord{7ce4aec u0 
com.tarumi.reader.debug/org.acra.dialog.CrashReportDialog t2036} is not embeddedfalse false
06-17 14:25:59.838  2601  4914 D MiuiEmbeddingWindow: isOpaqueActivity: ActivityRecord{7ce4aec u0 
com.tarumi.reader.debug/org.acra.dialog.CrashReportDialog t2036} is not embeddedfalse false
06-17 14:25:59.838  2601  4914 D MiuiEmbeddingWindow: isOpaqueActivity: ActivityRecord{7ce4aec u0 
com.tarumi.reader.debug/org.acra.dialog.CrashReportDialog t2036} is not embeddedfalse false
06-17 14:25:59.842  4236  5633 E ActivityManagerWrapper:  mainTaskId=2036   userId=0   windowMode=1   
isExcludedFromRecents=true   baseIntent=Intent { act=null flag=276824064 
cmp=ComponentInfo{com.tarumi.reader.debug/org.acra.dialog.CrashReportDialog} }
06-17 14:25:59.843  2601  5824 D MiuiEmbeddingWindow: isOpaqueActivity: ActivityRecord{7ce4aec u0 
com.tarumi.reader.debug/org.acra.dialog.CrashReportDialog t2036} is not embeddedfalse false
06-17 14:25:59.843  2601  5824 D MiuiEmbeddingWindow: isOpaqueActivity: ActivityRecord{7ce4aec u0 
com.tarumi.reader.debug/org.acra.dialog.CrashReportDialog t2036} is not embeddedfalse false
06-17 14:25:59.843  2601  5824 D MiuiEmbeddingWindow: isOpaqueActivity: ActivityRecord{7ce4aec u0 
com.tarumi.reader.debug/org.acra.dialog.CrashReportDialog t2036} is not embeddedfalse false
06-17 14:25:59.843  4236  5633 W RecentsModel: getRunningTask   taskInfo=TaskInfo{userId=0 taskId=2036 displayId=0 
isRunning=true baseIntent=Intent { flg=0x10800000 cmp=com.tarumi.reader.debug/org.acra.dialog.CrashReportDialog } 
baseActivity=ComponentInfo{com.tarumi.reader.debug/org.acra.dialog.CrashReportDialog} 
topActivity=ComponentInfo{com.tarumi.reader.debug/org.acra.dialog.CrashReportDialog} origActivity=null 
realActivity=ComponentInfo{com.tarumi.reader.debug/org.acra.dialog.CrashReportDialog} numActivities=1 
lastActiveTime=1261712690 supportsSplitScreenMultiWindow=true mSoScDisplayMode=-1 supportsMultiWindow=true 
resizeMode=1 isResizeable=true minWidth=-1 minHeight=-1 defaultMinSize=200 
token=WCT{android.window.IWindowContainerToken$Stub$Proxy@6a52080} topActivityType=1 pictureInPictureParams=null 
shouldDockBigOverlays=false launchIntoPipHostTaskId=-1 lastParentTaskIdBeforePip=-1 displayCutoutSafeInsets=Rect(0, 
111 - 0, 0) topActivityInfo=ActivityInfo{73606b9 org.acra.dialog.CrashReportDialog} launchCookies=[] 
positionInParent=Point(0, 0) parentTaskId=-1 isFocused=true isVisible=true isVisibleRequested=true isSleeping=false 
locusId=null displayAreaFeatureId=1 isTopActivityTransparent=true appCompatTaskInfo=AppCompatTaskInfo { 
topActivityInSizeCompat=false topActivityInMiuiSizeCompat=false topActivityEligibleForLetterboxEducation= 
falseisLetterboxEducationEnabled= false isLetterboxDoubleTapEnabled= false 
topActivityEligibleForUserAspectRatioButton= false topActivityBoundsLetterboxed= false isFromLetterboxDoubleTap= false 
topActivityLetterboxVerticalPosition= -1 topActivityLetterboxHorizontalPosition= -1 topActivityLetterboxWidth=1080 
topActivityLetterboxHeight=2400 isUserFullscreenOverrideEnabled=false isSystemFullscreenOverrideEnabled=false 
cameraCompatTaskInfo=CameraCompatTaskInfo { cameraCompatControlState=hidden freeformCameraCompatMode=inactive}} 
isImmersive=false mTopActivityRequestOrientation=-2 mBehindAppLockPkg=null mOriginatingUid=0 isEmbedded=false 
shouldBeVisible=true isCreatedByOrganizer=false mIsCastMode=false mTopActivityMediaSize=null 
mTopActivityRecordName=ActivityRecord{7ce4aec u0 com.tarumi.reader.debug/org.acra.dialog.CrashReportDialog t2036} 
mTopActivityOrientation=-1}
06-17 14:25:59.844  2601  4914 D MiuiEmbeddingWindow: isOpaqueActivity: ActivityRecord{7ce4aec u0 
com.tarumi.reader.debug/org.acra.dialog.CrashReportDialog t2036} is not embeddedfalse false
06-17 14:25:59.844  2601  4914 D MiuiEmbeddingWindow: isOpaqueActivity: ActivityRecord{7ce4aec u0 
com.tarumi.reader.debug/org.acra.dialog.CrashReportDialog t2036} is not embeddedfalse false
06-17 14:25:59.844  2601  4914 D MiuiEmbeddingWindow: isOpaqueActivity: ActivityRecord{7ce4aec u0 
com.tarumi.reader.debug/org.acra.dialog.CrashReportDialog t2036} is not embeddedfalse false
06-17 14:25:59.844  2601  4914 D MiuiEmbeddingWindow: isOpaqueActivity: ActivityRecord{7ce4aec u0 
com.tarumi.reader.debug/org.acra.dialog.CrashReportDialog t2036} is not embeddedfalse false
06-17 14:25:59.846  4236  5633 E ActivityManagerWrapper:  mainTaskId=2036   userId=0   windowMode=1   
isExcludedFromRecents=true   baseIntent=Intent { act=null flag=276824064 
cmp=ComponentInfo{com.tarumi.reader.debug/org.acra.dialog.CrashReportDialog} }
06-17 14:25:59.846  4236  5633 D RecentsTaskLoader: reloadTasksData [TaskKey{id=2036, stackId=0, baseIntent=Intent { 
flg=0x10800000 cmp=com.tarumi.reader.debug/org.acra.dialog.CrashReportDialog }, userId=0, lastActiveTime=1261712538, 
windowingMode=1, isThumbnailBlur=false, isAccessLocked=false, isScreening=false, 
topActivity=ComponentInfo{com.tarumi.reader.debug/org.acra.dialog.CrashReportDialog}, mHashCode=61578028}, 
title=Tarumi, titleDescription=Tarumi, bounds=null, isLaunchTarget=true, isStackTask=true, isSystemApp=false, 
isDockable=true, baseActivity=ComponentInfo{com.tarumi.reader.debug/org.acra.dialog.CrashReportDialog}, 
isLocked=false, mNeedHide=false, hasMultipleTasks=false, cti1Key=, cti2Key=, cti1Task=, cti2Task=] 
06-17 14:25:59.846  4236  5633 D RecentsTaskLoader: reloadTasksData [TaskKey{id=2036, stackId=0, baseIntent=Intent { 
flg=0x10800000 cmp=com.tarumi.reader.debug/org.acra.dialog.CrashReportDialog }, userId=0, lastActiveTime=1261712538, 
windowingMode=1, isThumbnailBlur=false, isAccessLocked=false, isScreening=false, 
topActivity=ComponentInfo{com.tarumi.reader.debug/org.acra.dialog.CrashReportDialog}, mHashCode=61578028}, 
title=Tarumi, titleDescription=Tarumi, bounds=null, isLaunchTarget=true, isStackTask=true, isSystemApp=false, 
isDockable=true, baseActivity=ComponentInfo{com.tarumi.reader.debug/org.acra.dialog.CrashReportDialog}, 
isLocked=false, mNeedHide=false, hasMultipleTasks=false, cti1Key=, cti2Key=, cti1Task=, cti2Task=] 
06-17 14:25:59.938  2601  2754 W ActivityTaskManager: Activity top resumed state loss timeout for 
ActivityRecord{aad8023 u0 com.tarumi.reader.debug/org.koitharu.kotatsu.main.ui.MainActivity t2037 f} isExiting}
06-17 14:26:00.143  2601  5824 W WindowManager: Exception thrown during dispatchAppVisibility Window{7ab61a8 u0 
com.tarumi.reader.debug/org.koitharu.kotatsu.main.ui.MainActivity EXITING}
06-17 14:26:00.143  2601  5824 I Transition: finishTransition: updateLastSurfacePosition tf=Task{40b2d9 #2037 
type=standard A=11058:com.tarumi.reader.debug}
06-17 14:26:00.153  2601  2752 D WmSystemUiDebug: on system bar attributes changed displayId=0 appearance= 
appearanceRegions=[AppearanceRegion{ bounds=[0,0][1080,2400]}] navbarColorManagedByIme=false behavior=1 
requestedVisibleTypes=[statusBars navigationBars captionBar systemGestures mandatorySystemGestures tappableElement 
displayCutout windowDecor systemOverlays] packageName=com.tarumi.reader.debug letterboxDetails=[]
06-17 14:26:00.154  2601  5824 D MiuiEmbeddingWindow: isOpaqueActivity: ActivityRecord{7ce4aec u0 
com.tarumi.reader.debug/org.acra.dialog.CrashReportDialog t2036} is not embeddedfalse false
06-17 14:26:00.183  2601  5824 D MiuiEmbeddingWindow: isOpaqueActivity: ActivityRecord{7ce4aec u0 
com.tarumi.reader.debug/org.acra.dialog.CrashReportDialog t2036} is not embeddedfalse false
06-17 14:26:00.183  2601  5824 D MiuiEmbeddingWindow: isOpaqueActivity: ActivityRecord{7ce4aec u0 
com.tarumi.reader.debug/org.acra.dialog.CrashReportDialog t2036} is not embeddedfalse false
06-17 14:26:00.183  2601  5824 D MiuiEmbeddingWindow: isOpaqueActivity: ActivityRecord{7ce4aec u0 
com.tarumi.reader.debug/org.acra.dialog.CrashReportDialog t2036} is not embeddedfalse false
06-17 14:26:00.183  2601  5824 D MiuiEmbeddingWindow: isOpaqueActivity: ActivityRecord{7ce4aec u0 
com.tarumi.reader.debug/org.acra.dialog.CrashReportDialog t2036} is not embeddedfalse false
06-17 14:26:00.183  2601  5824 D MiuiEmbeddingWindow: isOpaqueActivity: ActivityRecord{7ce4aec u0 
com.tarumi.reader.debug/org.acra.dialog.CrashReportDialog t2036} is not embeddedfalse false
06-17 14:26:00.184  2601  5824 D MiuiEmbeddingWindow: isOpaqueActivity: ActivityRecord{7ce4aec u0 
com.tarumi.reader.debug/org.acra.dialog.CrashReportDialog t2036} is not embeddedfalse false
06-17 14:26:00.184  2601  2755 D MiuiEmbeddingWindow: isOpaqueActivity: ActivityRecord{7ce4aec u0 
com.tarumi.reader.debug/org.acra.dialog.CrashReportDialog t2036} is not embeddedfalse false
06-17 14:26:00.184  2601  2755 D MiuiEmbeddingWindow: isOpaqueActivity: ActivityRecord{7ce4aec u0 
com.tarumi.reader.debug/org.acra.dialog.CrashReportDialog t2036} is not embeddedfalse false
06-17 14:26:00.184  2601  2755 D MiuiEmbeddingWindow: isOpaqueActivity: ActivityRecord{7ce4aec u0 
com.tarumi.reader.debug/org.acra.dialog.CrashReportDialog t2036} is not embeddedfalse false
06-17 14:26:00.184  2601  2755 D MiuiEmbeddingWindow: isOpaqueActivity: ActivityRecord{7ce4aec u0 
com.tarumi.reader.debug/org.acra.dialog.CrashReportDialog t2036} is not embeddedfalse false
06-17 14:26:00.211  2601  2755 D MiuiEmbeddingWindow: isOpaqueActivity: ActivityRecord{7ce4aec u0 
com.tarumi.reader.debug/org.acra.dialog.CrashReportDialog t2036} is not embeddedfalse false
06-17 14:26:00.212  2601  2755 D MiuiEmbeddingWindow: isOpaqueActivity: ActivityRecord{7ce4aec u0 
com.tarumi.reader.debug/org.acra.dialog.CrashReportDialog t2036} is not embeddedfalse false
06-17 14:26:00.212  2601  2755 D MiuiEmbeddingWindow: isOpaqueActivity: ActivityRecord{7ce4aec u0 
com.tarumi.reader.debug/org.acra.dialog.CrashReportDialog t2036} is not embeddedfalse false
06-17 14:26:00.212  2601  2755 D MiuiEmbeddingWindow: isOpaqueActivity: ActivityRecord{7ce4aec u0 
com.tarumi.reader.debug/org.acra.dialog.CrashReportDialog t2036} is not embeddedfalse false
06-17 14:26:00.215  2601  5607 D MiuiEmbeddingWindow: isOpaqueActivity: ActivityRecord{7ce4aec u0 
com.tarumi.reader.debug/org.acra.dialog.CrashReportDialog t2036} is not embeddedfalse false
06-17 14:26:00.215  2601  5607 D MiuiEmbeddingWindow: isOpaqueActivity: ActivityRecord{7ce4aec u0 
com.tarumi.reader.debug/org.acra.dialog.CrashReportDialog t2036} is not embeddedfalse false
06-17 14:26:00.215  2601  5607 D MiuiEmbeddingWindow: isOpaqueActivity: ActivityRecord{7ce4aec u0 
com.tarumi.reader.debug/org.acra.dialog.CrashReportDialog t2036} is not embeddedfalse false
06-17 14:26:00.224  4236  5633 W RecentsModel: getRunningTask   taskInfo=TaskInfo{userId=0 taskId=2036 displayId=0 
isRunning=true baseIntent=Intent { flg=0x10800000 cmp=com.tarumi.reader.debug/org.acra.dialog.CrashReportDialog } 
baseActivity=ComponentInfo{com.tarumi.reader.debug/org.acra.dialog.CrashReportDialog} 
topActivity=ComponentInfo{com.tarumi.reader.debug/org.acra.dialog.CrashReportDialog} origActivity=null 
realActivity=ComponentInfo{com.tarumi.reader.debug/org.acra.dialog.CrashReportDialog} numActivities=1 
lastActiveTime=1261713062 supportsSplitScreenMultiWindow=true mSoScDisplayMode=-1 supportsMultiWindow=true 
resizeMode=1 isResizeable=true minWidth=-1 minHeight=-1 defaultMinSize=200 
token=WCT{android.window.IWindowContainerToken$Stub$Proxy@4236afe} topActivityType=1 pictureInPictureParams=null 
shouldDockBigOverlays=false launchIntoPipHostTaskId=-1 lastParentTaskIdBeforePip=-1 displayCutoutSafeInsets=Rect(0, 
111 - 0, 0) topActivityInfo=ActivityInfo{c22225f org.acra.dialog.CrashReportDialog} launchCookies=[] 
positionInParent=Point(0, 0) parentTaskId=-1 isFocused=true isVisible=true isVisibleRequested=true isSleeping=false 
locusId=null displayAreaFeatureId=1 isTopActivityTransparent=true appCompatTaskInfo=AppCompatTaskInfo { 
topActivityInSizeCompat=false topActivityInMiuiSizeCompat=false topActivityEligibleForLetterboxEducation= 
falseisLetterboxEducationEnabled= false isLetterboxDoubleTapEnabled= false 
topActivityEligibleForUserAspectRatioButton= false topActivityBoundsLetterboxed= false isFromLetterboxDoubleTap= false 
topActivityLetterboxVerticalPosition= -1 topActivityLetterboxHorizontalPosition= -1 topActivityLetterboxWidth=1080 
topActivityLetterboxHeight=2400 isUserFullscreenOverrideEnabled=false isSystemFullscreenOverrideEnabled=false 
cameraCompatTaskInfo=CameraCompatTaskInfo { cameraCompatControlState=hidden freeformCameraCompatMode=inactive}} 
isImmersive=false mTopActivityRequestOrientation=-2 mBehindAppLockPkg=null mOriginatingUid=0 isEmbedded=false 
shouldBeVisible=true isCreatedByOrganizer=false mIsCastMode=false mTopActivityMediaSize=null 
mTopActivityRecordName=ActivityRecord{7ce4aec u0 com.tarumi.reader.debug/org.acra.dialog.CrashReportDialog t2036} 
mTopActivityOrientation=-1}
06-17 14:26:00.237  2601  8773 D MiuiEmbeddingWindow: isOpaqueActivity: ActivityRecord{7ce4aec u0 
com.tarumi.reader.debug/org.acra.dialog.CrashReportDialog t2036} is not embeddedfalse false
06-17 14:26:00.237  2601  8773 D MiuiEmbeddingWindow: isOpaqueActivity: ActivityRecord{7ce4aec u0 
com.tarumi.reader.debug/org.acra.dialog.CrashReportDialog t2036} is not embeddedfalse false
06-17 14:26:00.237  2601  8773 D MiuiEmbeddingWindow: isOpaqueActivity: ActivityRecord{7ce4aec u0 
com.tarumi.reader.debug/org.acra.dialog.CrashReportDialog t2036} is not embeddedfalse false
06-17 14:26:00.237  2601  8773 D MiuiEmbeddingWindow: isOpaqueActivity: ActivityRecord{7ce4aec u0 
com.tarumi.reader.debug/org.acra.dialog.CrashReportDialog t2036} is not embeddedfalse false
06-17 14:26:00.238  2601  2755 D MiuiEmbeddingWindow: isOpaqueActivity: ActivityRecord{7ce4aec u0 
com.tarumi.reader.debug/org.acra.dialog.CrashReportDialog t2036} is not embeddedfalse false
06-17 14:26:00.238  2601  2755 D MiuiEmbeddingWindow: isOpaqueActivity: ActivityRecord{7ce4aec u0 
com.tarumi.reader.debug/org.acra.dialog.CrashReportDialog t2036} is not embeddedfalse false
06-17 14:26:00.238  2601  2755 D MiuiEmbeddingWindow: isOpaqueActivity: ActivityRecord{7ce4aec u0 
com.tarumi.reader.debug/org.acra.dialog.CrashReportDialog t2036} is not embeddedfalse false
06-17 14:26:00.238  2601  2755 D MiuiEmbeddingWindow: isOpaqueActivity: ActivityRecord{7ce4aec u0 
com.tarumi.reader.debug/org.acra.dialog.CrashReportDialog t2036} is not embeddedfalse false
06-17 14:26:00.242  4236  5633 E ActivityManagerWrapper:  mainTaskId=2036   userId=0   windowMode=1   
isExcludedFromRecents=true   baseIntent=Intent { act=null flag=276824064 
cmp=ComponentInfo{com.tarumi.reader.debug/org.acra.dialog.CrashReportDialog} }
06-17 14:26:00.244  2601  8773 D MiuiEmbeddingWindow: isOpaqueActivity: ActivityRecord{7ce4aec u0 
com.tarumi.reader.debug/org.acra.dialog.CrashReportDialog t2036} is not embeddedfalse false
06-17 14:26:00.244  2601  8773 D MiuiEmbeddingWindow: isOpaqueActivity: ActivityRecord{7ce4aec u0 
com.tarumi.reader.debug/org.acra.dialog.CrashReportDialog t2036} is not embeddedfalse false
06-17 14:26:00.244  2601  8773 D MiuiEmbeddingWindow: isOpaqueActivity: ActivityRecord{7ce4aec u0 
com.tarumi.reader.debug/org.acra.dialog.CrashReportDialog t2036} is not embeddedfalse false
06-17 14:26:00.246  4236  5633 W RecentsModel: getRunningTask   taskInfo=TaskInfo{userId=0 taskId=2036 displayId=0 
isRunning=true baseIntent=Intent { flg=0x10800000 cmp=com.tarumi.reader.debug/org.acra.dialog.CrashReportDialog } 
baseActivity=ComponentInfo{com.tarumi.reader.debug/org.acra.dialog.CrashReportDialog} 
topActivity=ComponentInfo{com.tarumi.reader.debug/org.acra.dialog.CrashReportDialog} origActivity=null 
realActivity=ComponentInfo{com.tarumi.reader.debug/org.acra.dialog.CrashReportDialog} numActivities=1 
lastActiveTime=1261713091 supportsSplitScreenMultiWindow=true mSoScDisplayMode=-1 supportsMultiWindow=true 
resizeMode=1 isResizeable=true minWidth=-1 minHeight=-1 defaultMinSize=200 
token=WCT{android.window.IWindowContainerToken$Stub$Proxy@57bc4ac} topActivityType=1 pictureInPictureParams=null 
shouldDockBigOverlays=false launchIntoPipHostTaskId=-1 lastParentTaskIdBeforePip=-1 displayCutoutSafeInsets=Rect(0, 
111 - 0, 0) topActivityInfo=ActivityInfo{4a75575 org.acra.dialog.CrashReportDialog} launchCookies=[] 
positionInParent=Point(0, 0) parentTaskId=-1 isFocused=true isVisible=true isVisibleRequested=true isSleeping=false 
locusId=null displayAreaFeatureId=1 isTopActivityTransparent=true appCompatTaskInfo=AppCompatTaskInfo { 
topActivityInSizeCompat=false topActivityInMiuiSizeCompat=false topActivityEligibleForLetterboxEducation= 
falseisLetterboxEducationEnabled= false isLetterboxDoubleTapEnabled= false 
topActivityEligibleForUserAspectRatioButton= false topActivityBoundsLetterboxed= false isFromLetterboxDoubleTap= false 
topActivityLetterboxVerticalPosition= -1 topActivityLetterboxHorizontalPosition= -1 topActivityLetterboxWidth=1080 
topActivityLetterboxHeight=2400 isUserFullscreenOverrideEnabled=false isSystemFullscreenOverrideEnabled=false 
cameraCompatTaskInfo=CameraCompatTaskInfo { cameraCompatControlState=hidden freeformCameraCompatMode=inactive}} 
isImmersive=false mTopActivityRequestOrientation=-2 mBehindAppLockPkg=null mOriginatingUid=0 isEmbedded=false 
shouldBeVisible=true isCreatedByOrganizer=false mIsCastMode=false mTopActivityMediaSize=null 
mTopActivityRecordName=ActivityRecord{7ce4aec u0 com.tarumi.reader.debug/org.acra.dialog.CrashReportDialog t2036} 
mTopActivityOrientation=-1}
06-17 14:26:00.248  2601  5607 D MiuiEmbeddingWindow: isOpaqueActivity: ActivityRecord{7ce4aec u0 
com.tarumi.reader.debug/org.acra.dialog.CrashReportDialog t2036} is not embeddedfalse false
06-17 14:26:00.248  2601  5607 D MiuiEmbeddingWindow: isOpaqueActivity: ActivityRecord{7ce4aec u0 
com.tarumi.reader.debug/org.acra.dialog.CrashReportDialog t2036} is not embeddedfalse false
06-17 14:26:00.248  2601  5607 D MiuiEmbeddingWindow: isOpaqueActivity: ActivityRecord{7ce4aec u0 
com.tarumi.reader.debug/org.acra.dialog.CrashReportDialog t2036} is not embeddedfalse false
06-17 14:26:00.249  2601  5607 D MiuiEmbeddingWindow: isOpaqueActivity: ActivityRecord{7ce4aec u0 
com.tarumi.reader.debug/org.acra.dialog.CrashReportDialog t2036} is not embeddedfalse false
06-17 14:26:00.252  4236  5633 E ActivityManagerWrapper:  mainTaskId=2036   userId=0   windowMode=1   
isExcludedFromRecents=true   baseIntent=Intent { act=null flag=276824064 
cmp=ComponentInfo{com.tarumi.reader.debug/org.acra.dialog.CrashReportDialog} }
06-17 14:26:00.253  4236  5633 D RecentsTaskLoader: reloadTasksData [TaskKey{id=2036, stackId=0, baseIntent=Intent { 
flg=0x10800000 cmp=com.tarumi.reader.debug/org.acra.dialog.CrashReportDialog }, userId=0, lastActiveTime=1261712538, 
windowingMode=1, isThumbnailBlur=false, isAccessLocked=false, isScreening=false, 
topActivity=ComponentInfo{com.tarumi.reader.debug/org.acra.dialog.CrashReportDialog}, mHashCode=61578028}, 
title=Tarumi, titleDescription=Tarumi, bounds=null, isLaunchTarget=true, isStackTask=true, isSystemApp=false, 
isDockable=true, baseActivity=ComponentInfo{com.tarumi.reader.debug/org.acra.dialog.CrashReportDialog}, 
isLocked=false, mNeedHide=false, hasMultipleTasks=false, cti1Key=, cti2Key=, cti1Task=, cti2Task=] 
06-17 14:26:00.253  4236  5633 D RecentsTaskLoader: reloadTasksData [TaskKey{id=2036, stackId=0, baseIntent=Intent { 
flg=0x10800000 cmp=com.tarumi.reader.debug/org.acra.dialog.CrashReportDialog }, userId=0, lastActiveTime=1261712538, 
windowingMode=1, isThumbnailBlur=false, isAccessLocked=false, isScreening=false, 
topActivity=ComponentInfo{com.tarumi.reader.debug/org.acra.dialog.CrashReportDialog}, mHashCode=61578028}, 
title=Tarumi, titleDescription=Tarumi, bounds=null, isLaunchTarget=true, isStackTask=true, isSystemApp=false, 
isDockable=true, baseActivity=ComponentInfo{com.tarumi.reader.debug/org.acra.dialog.CrashReportDialog}, 
isLocked=false, mNeedHide=false, hasMultipleTasks=false, cti1Key=, cti2Key=, cti1Task=, cti2Task=] 
06-17 14:26:00.254  2601  2755 D MiuiEmbeddingWindow: isOpaqueActivity: ActivityRecord{7ce4aec u0 
com.tarumi.reader.debug/org.acra.dialog.CrashReportDialog t2036} is not embeddedfalse false
06-17 14:26:00.254  2601  2755 D MiuiEmbeddingWindow: isOpaqueActivity: ActivityRecord{7ce4aec u0 
com.tarumi.reader.debug/org.acra.dialog.CrashReportDialog t2036} is not embeddedfalse false
06-17 14:26:00.254  2601  2755 D MiuiEmbeddingWindow: isOpaqueActivity: ActivityRecord{7ce4aec u0 
com.tarumi.reader.debug/org.acra.dialog.CrashReportDialog t2036} is not embeddedfalse false
06-17 14:26:00.254  2601  2755 D MiuiEmbeddingWindow: isOpaqueActivity: ActivityRecord{7ce4aec u0 
com.tarumi.reader.debug/org.acra.dialog.CrashReportDialog t2036} is not embeddedfalse false
06-17 14:26:00.622  2601  2755 D MiuiEmbeddingWindow: isOpaqueActivity: ActivityRecord{7ce4aec u0 
com.tarumi.reader.debug/org.acra.dialog.CrashReportDialog t2036} is not embeddedfalse false
06-17 14:26:00.622  2601  2755 D MiuiEmbeddingWindow: isOpaqueActivity: ActivityRecord{7ce4aec u0 
com.tarumi.reader.debug/org.acra.dialog.CrashReportDialog t2036} is not embeddedfalse false
06-17 14:26:00.622  2601  2755 D MiuiEmbeddingWindow: isOpaqueActivity: ActivityRecord{7ce4aec u0 
com.tarumi.reader.debug/org.acra.dialog.CrashReportDialog t2036} is not embeddedfalse false
06-17 14:26:00.622  2601  2755 D MiuiEmbeddingWindow: isOpaqueActivity: ActivityRecord{7ce4aec u0 
com.tarumi.reader.debug/org.acra.dialog.CrashReportDialog t2036} is not embeddedfalse false
06-17 14:26:00.639  2601  2755 D MiuiEmbeddingWindow: isOpaqueActivity: ActivityRecord{7ce4aec u0 
com.tarumi.reader.debug/org.acra.dialog.CrashReportDialog t2036} is not embeddedfalse false
06-17 14:26:00.639  2601  2755 D MiuiEmbeddingWindow: isOpaqueActivity: ActivityRecord{7ce4aec u0 
com.tarumi.reader.debug/org.acra.dialog.CrashReportDialog t2036} is not embeddedfalse false
06-17 14:26:00.639  2601  2755 D MiuiEmbeddingWindow: isOpaqueActivity: ActivityRecord{7ce4aec u0 
com.tarumi.reader.debug/org.acra.dialog.CrashReportDialog t2036} is not embeddedfalse false
06-17 14:26:00.639  2601  2755 D MiuiEmbeddingWindow: isOpaqueActivity: ActivityRecord{7ce4aec u0 
com.tarumi.reader.debug/org.acra.dialog.CrashReportDialog t2036} is not embeddedfalse false
06-17 14:26:00.658  2601  2755 D MiuiEmbeddingWindow: isOpaqueActivity: ActivityRecord{7ce4aec u0 
com.tarumi.reader.debug/org.acra.dialog.CrashReportDialog t2036} is not embeddedfalse false
06-17 14:26:00.658  2601  2755 D MiuiEmbeddingWindow: isOpaqueActivity: ActivityRecord{7ce4aec u0 
com.tarumi.reader.debug/org.acra.dialog.CrashReportDialog t2036} is not embeddedfalse false
06-17 14:26:00.658  2601  2755 D MiuiEmbeddingWindow: isOpaqueActivity: ActivityRecord{7ce4aec u0 
com.tarumi.reader.debug/org.acra.dialog.CrashReportDialog t2036} is not embeddedfalse false
06-17 14:26:00.658  2601  2755 D MiuiEmbeddingWindow: isOpaqueActivity: ActivityRecord{7ce4aec u0 
com.tarumi.reader.debug/org.acra.dialog.CrashReportDialog t2036} is not embeddedfalse false
06-17 14:26:00.741  6240  6240 D InsetsController: cancelAnimation of types:2 animType=0 
host:com.tarumi.reader.debug/org.acra.dialog.CrashReportDialog invokeCallback=false


